,brand,name,note,time,category
0,acquadiparma,colonia,lemon,top,citrus
1,acquadiparma,colonia,orange,top,citrus
2,acquadiparma,colonia,bergamot,top,citrus
3,acquadiparma,colonia,lavender,mid,floral
4,acquadiparma,colonia,rose,mid,floral
5,acquadiparma,colonia,lemon verbena,mid,citrus
6,acquadiparma,colonia,rosemary,mid,green
7,acquadiparma,colonia,vetiver,bot,woody
8,acquadiparma,colonia,sandalwood,bot,woody
9,acquadiparma,colonia,patchouli,bot,woody
10,acquadiparma,coloniafutura,bergamot,top,citrus
11,acquadiparma,coloniafutura,grapefruit,top,citrus
12,acquadiparma,coloniafutura,lemon,top,citrus
13,acquadiparma,coloniafutura,pink pepper,top,spicy
14,acquadiparma,coloniafutura,clary sage,mid,green
15,acquadiparma,coloniafutura,lavender,mid,floral
16,acquadiparma,coloniafutura,vetiver,bot,woody
17,acquadiparma,coloniapura,bergamot,top,citrus
18,acquadiparma,coloniapura,orange,top,citrus
19,acquadiparma,coloniapura,petitgrain,top,citrus
20,acquadiparma,coloniapura,coriander,mid,spicy
21,acquadiparma,coloniapura,jasmine,mid,whitefloral
22,acquadiparma,coloniapura,narcissus,mid,floral
23,acquadiparma,coloniapura,cedar,bot,woody
24,acquadiparma,coloniapura,patchouli,bot,woody
25,acquadiparma,coloniapura,musk,bot,musk
26,acquadiparma,coloniaintensa,cardamom,top,spicy
27,acquadiparma,coloniaintensa,bergamot,top,citrus
28,acquadiparma,coloniaintensa,lemon,top,citrus
29,acquadiparma,coloniaintensa,ginger,top,spicy
30,acquadiparma,coloniaintensa,myrtle,mid,floral
31,acquadiparma,coloniaintensa,artemisia,mid,green
32,acquadiparma,coloniaintensa,neroli,mid,citrus
33,acquadiparma,coloniaintensa,leather,bot,musk
34,acquadiparma,coloniaintensa,cedar,bot,woody
35,acquadiparma,coloniaintensa,patchouli,bot,woody
36,acquadiparma,coloniaintensa,benzoin,bot,resins
37,acquadiparma,coloniaintensa,musk,bot,musk
38,acquadiparma,coloniaessenza,lemon,top,citrus
39,acquadiparma,coloniaessenza,orange,top,citrus
40,acquadiparma,coloniaessenza,bergamot,top,citrus
41,acquadiparma,coloniaessenza,mandarin orange,top,citrus
42,acquadiparma,coloniaessenza,grapefruit,top,citrus
43,acquadiparma,coloniaessenza,neroli,top,citrus
44,acquadiparma,coloniaessenza,petitgrain,top,citrus
45,acquadiparma,coloniaessenza,rosemary,mid,green
46,acquadiparma,coloniaessenza,lily of the valley leaves,mid,green
47,acquadiparma,coloniaessenza,rose,mid,floral
48,acquadiparma,coloniaessenza,jasmine,mid,whitefloral
49,acquadiparma,coloniaessenza,cloves,mid,spicy
50,acquadiparma,coloniaessenza,vetiver,bot,woody
51,acquadiparma,coloniaessenza,patchouli,bot,woody
52,acquadiparma,coloniaessenza,musk,bot,musk
53,acquadiparma,coloniaessenza,amber,bot,musk
54,acquadiparma,coloniaclub,lemon,top,citrus
55,acquadiparma,coloniaclub,petitgrain,top,citrus
56,acquadiparma,coloniaclub,bergamot,top,citrus
57,acquadiparma,coloniaclub,mandarin orange,top,citrus
58,acquadiparma,coloniaclub,mint,top,green
59,acquadiparma,coloniaclub,neroli,top,citrus
60,acquadiparma,coloniaclub,lavender,mid,floral
61,acquadiparma,coloniaclub,geranium,mid,floral
62,acquadiparma,coloniaclub,galbanum,mid,green
63,acquadiparma,coloniaclub,vetiver,bot,woody
64,acquadiparma,coloniaclub,musk,bot,musk
65,acquadiparma,coloniaclub,ambergris,bot,musk
66,acquadiparma,bergamottodicalabrialaspugnatura,bergamot,top,citrus
67,acquadiparma,bergamottodicalabrialaspugnatura,bitter orange,top,citrus
68,acquadiparma,bergamottodicalabrialaspugnatura,mandarin orange,top,citrus
69,acquadiparma,bergamottodicalabrialaspugnatura,grapefruit,top,citrus
70,acquadiparma,bergamottodicalabrialaspugnatura,galbanum,mid,green
71,acquadiparma,bergamottodicalabrialaspugnatura,geranium,mid,floral
72,acquadiparma,bergamottodicalabrialaspugnatura,cedar,bot,woody
73,acquadiparma,bergamottodicalabrialaspugnatura,vetiver,bot,woody
74,acquadiparma,aranciadicapri,orange,top,citrus
75,acquadiparma,aranciadicapri,mandarin orange,top,citrus
76,acquadiparma,aranciadicapri,lemon,top,citrus
77,acquadiparma,aranciadicapri,petitgrain,mid,citrus
78,acquadiparma,aranciadicapri,cardamom,mid,spicy
79,acquadiparma,aranciadicapri,caramel,bot,sweets
80,acquadiparma,aranciadicapri,musk,bot,musk
81,acquadiparma,ficodiamalfi,lemon,top,citrus
82,acquadiparma,ficodiamalfi,bergamot,top,citrus
83,acquadiparma,ficodiamalfi,grapefruit,top,citrus
84,acquadiparma,ficodiamalfi,fig,mid,fruity
85,acquadiparma,ficodiamalfi,pink pepper,mid,spicy
86,acquadiparma,ficodiamalfi,jasmine,mid,whitefloral
87,acquadiparma,ficodiamalfi,fig tree,bot,woody
88,acquadiparma,ficodiamalfi,cedar,bot,woody
89,acquadiparma,ficodiamalfi,benzoin,bot,resins
90,acquadiparma,cipressoditoscana,orange,top,citrus
91,acquadiparma,cipressoditoscana,elemi,top,resins
92,acquadiparma,cipressoditoscana,star anise,top,spicy
93,acquadiparma,cipressoditoscana,lavender,mid,floral
94,acquadiparma,cipressoditoscana,clary sage,mid,green
95,acquadiparma,cipressoditoscana,petitgrain,mid,citrus
96,acquadiparma,cipressoditoscana,fir,bot,woody
97,acquadiparma,cipressoditoscana,cypress,bot,woody
98,acquadiparma,cipressoditoscana,pine tree,bot,woody
99,acquadiparma,chinottodiliguria,chinotto,top,citrus
100,acquadiparma,chinottodiliguria,mandarin orange,top,citrus
101,acquadiparma,chinottodiliguria,jasmine,mid,whitefloral
102,acquadiparma,chinottodiliguria,geranium,mid,floral
103,acquadiparma,chinottodiliguria,rosemary,mid,green
104,acquadiparma,chinottodiliguria,cardamom,mid,spicy
105,acquadiparma,chinottodiliguria,patchouli,bot,woody
106,acquadiparma,chinottodiliguria,musk,bot,musk
107,acquadiparma,mirtodipanarea,myrtle,top,floral
108,acquadiparma,mirtodipanarea,basil,top,green
109,acquadiparma,mirtodipanarea,lemon,top,citrus
110,acquadiparma,mirtodipanarea,bergamot,top,citrus
111,acquadiparma,mirtodipanarea,sea water,mid,etc
112,acquadiparma,mirtodipanarea,jasmine,mid,whitefloral
113,acquadiparma,mirtodipanarea,rose,mid,floral
114,acquadiparma,mirtodipanarea,mastic or lentisque,bot,resins
115,acquadiparma,mirtodipanarea,juniper,bot,green
116,acquadiparma,mirtodipanarea,cedar,bot,woody
117,acquadiparma,mirtodipanarea,amber,bot,musk
118,acquadiparma,bergamottodicalabria,bergamot,top,citrus
119,acquadiparma,bergamottodicalabria,citron,top,citrus
120,acquadiparma,bergamottodicalabria,cedar,mid,woody
121,acquadiparma,bergamottodicalabria,ginger,mid,spicy
122,acquadiparma,bergamottodicalabria,vetiver,bot,woody
123,acquadiparma,bergamottodicalabria,benzoin,bot,resins
124,acquadiparma,bergamottodicalabria,musk,bot,musk
125,acquadiparma,mandorlodisicilia,star anise,top,spicy
126,acquadiparma,mandorlodisicilia,bergamot,top,citrus
127,acquadiparma,mandorlodisicilia,orange,top,citrus
128,acquadiparma,mandorlodisicilia,almond,mid,fruity
129,acquadiparma,mandorlodisicilia,ylang-ylang,mid,floral
130,acquadiparma,mandorlodisicilia,vanilla,bot,spicy
131,acquadiparma,mandorlodisicilia,cedar,bot,woody
132,acquadiparma,mandorlodisicilia,tolu balsam,bot,musk
133,acquadiparma,mandorlodisicilia,musk,bot,musk
134,acquadiparma,oud,bergamot,top,citrus
135,acquadiparma,oud,orange,top,citrus
136,acquadiparma,oud,amyris,mid,woody
137,acquadiparma,oud,coriander,mid,spicy
138,acquadiparma,oud,agarwood (oud),mid,woody
139,acquadiparma,oud,cedar,bot,woody
140,acquadiparma,oud,leather,bot,musk
141,acquadiparma,oud,patchouli,bot,woody
142,acquadiparma,oud,sandalwood,bot,woody
143,acquadiparma,oud,musk,bot,musk
144,acquadiparma,leather,orange,top,citrus
145,acquadiparma,leather,lemon,top,citrus
146,acquadiparma,leather,raspberry,top,fruity
147,acquadiparma,leather,thyme,mid,green
148,acquadiparma,leather,honeysuckle,mid,whitefloral
149,acquadiparma,leather,petitgrain,mid,citrus
150,acquadiparma,leather,rose,mid,floral
151,acquadiparma,leather,leather,bot,musk
152,acquadiparma,leather,cedar,bot,woody
153,acquadiparma,leather,guaiac wood,bot,woody
154,acquadiparma,ambra,orange,top,citrus
155,acquadiparma,ambra,bergamot,top,citrus
156,acquadiparma,ambra,petitgrain,top,citrus
157,acquadiparma,ambra,rose,mid,floral
158,acquadiparma,ambra,cypriol oil or nagarmotha,mid,woody
159,acquadiparma,ambra,cedar,mid,woody
160,acquadiparma,ambra,patchouli,mid,woody
161,acquadiparma,ambra,ambergris,bot,musk
162,acquadiparma,ambra,sandalwood,bot,woody
163,acquadiparma,ambra,labdanum,bot,resins
164,acquadiparma,ambra,vanilla,bot,spicy
165,acquadiparma,ambra,musk,bot,musk
166,acquadiparma,quercia,lemon,top,citrus
167,acquadiparma,quercia,bergamot,top,citrus
168,acquadiparma,quercia,petitgrain,top,citrus
169,acquadiparma,quercia,pink pepper,top,spicy
170,acquadiparma,quercia,cardamom,mid,spicy
171,acquadiparma,quercia,geranium,mid,floral
172,acquadiparma,quercia,cedar,mid,woody
173,acquadiparma,quercia,tonka bean,bot,spicy
174,acquadiparma,quercia,patchouli,bot,woody
175,acquadiparma,quercia,oakmoss,bot,woody
176,acquadiparma,sandalo,bergamot,top,citrus
177,acquadiparma,sandalo,lemon,top,citrus
178,acquadiparma,sandalo,orange,top,citrus
179,acquadiparma,sandalo,petitgrain,top,citrus
180,acquadiparma,sandalo,lavender,mid,floral
181,acquadiparma,sandalo,cardamom,mid,spicy
182,acquadiparma,sandalo,sandalwood,bot,woody
183,acquadiparma,sandalo,amber,bot,musk
184,acquadiparma,sandalo,tonka bean,bot,spicy
185,acquadiparma,vaniglia,bergamot,top,citrus
186,acquadiparma,vaniglia,mandarin orange,top,citrus
187,acquadiparma,vaniglia,neroli,top,citrus
188,acquadiparma,vaniglia,heliotrope,top,floral
189,acquadiparma,vaniglia,jasmine,mid,whitefloral
190,acquadiparma,vaniglia,vanilla,mid,spicy
191,acquadiparma,vaniglia,cedar,bot,woody
192,acquadiparma,vaniglia,musk,bot,musk
193,acquadiparma,yuzu,yuzu,top,citrus
194,acquadiparma,yuzu,bergamot,top,citrus
195,acquadiparma,yuzu,sichuan pepper,top,spicy
196,acquadiparma,yuzu,lotus,mid,floral
197,acquadiparma,yuzu,mimosa,mid,floral
198,acquadiparma,yuzu,violet leaf,mid,green
199,acquadiparma,yuzu,jasmine,mid,whitefloral
200,acquadiparma,yuzu,musk,bot,musk
201,acquadiparma,yuzu,licorice,bot,spicy
202,acquadiparma,yuzu,sandalwood,bot,woody
203,acquadiparma,camelia,bergamot,top,citrus
204,acquadiparma,camelia,mandarin orange,top,citrus
205,acquadiparma,camelia,pink pepper,top,spicy
206,acquadiparma,camelia,cardamom,top,spicy
207,acquadiparma,camelia,camellia,mid,floral
208,acquadiparma,camelia,clary sage,mid,green
209,acquadiparma,camelia,benzoin,bot,resins
210,acquadiparma,camelia,musk,bot,musk
211,acquadiparma,osmanthus,mandarin orange,top,citrus
212,acquadiparma,osmanthus,neroli,top,citrus
213,acquadiparma,osmanthus,peony,mid,floral
214,acquadiparma,osmanthus,pink pepper,mid,spicy
215,acquadiparma,osmanthus,ambrette (musk mallow),mid,musk
216,acquadiparma,osmanthus,osmanthus,bot,floral
217,acquadiparma,osmanthus,patchouli,bot,woody
218,acquadiparma,sakura,bergamot,top,citrus
219,acquadiparma,sakura,mandarin orange,top,citrus
220,acquadiparma,sakura,pink pepper,top,spicy
221,acquadiparma,sakura,cherry blossom,mid,floral
222,acquadiparma,sakura,jasmine,mid,whitefloral
223,acquadiparma,sakura,musk,bot,musk
224,acquadiparma,rosanobile,tangerine,top,citrus
225,acquadiparma,rosanobile,bergamot,top,citrus
226,acquadiparma,rosanobile,pepper,top,spicy
227,acquadiparma,rosanobile,rose,mid,floral
228,acquadiparma,rosanobile,peony,mid,floral
229,acquadiparma,rosanobile,violet,mid,floral
230,acquadiparma,rosanobile,lily-of-the-valley,mid,floral
231,acquadiparma,rosanobile,musk,bot,musk
232,acquadiparma,rosanobile,cedar,bot,woody
233,acquadiparma,rosanobile,ambergris,bot,musk
234,acquadiparma,peonianobile,pepper,top,spicy
235,acquadiparma,peonianobile,raspberry,top,fruity
236,acquadiparma,peonianobile,peony,mid,floral
237,acquadiparma,peonianobile,geranium,mid,floral
238,acquadiparma,peonianobile,freesia,mid,floral
239,acquadiparma,peonianobile,rose,mid,floral
240,acquadiparma,peonianobile,amber,bot,musk
241,acquadiparma,peonianobile,patchouli,bot,woody
242,acquadiparma,peonianobile,musk,bot,musk
243,acquadiparma,magnolianobile,bergamot,top,citrus
244,acquadiparma,magnolianobile,lemon,top,citrus
245,acquadiparma,magnolianobile,citron,top,citrus
246,acquadiparma,magnolianobile,magnolia,mid,floral
247,acquadiparma,magnolianobile,rose,mid,floral
248,acquadiparma,magnolianobile,tuberose,mid,whitefloral
249,acquadiparma,magnolianobile,jasmine,mid,whitefloral
250,acquadiparma,magnolianobile,sandalwood,bot,woody
251,acquadiparma,magnolianobile,patchouli,bot,woody
252,acquadiparma,magnolianobile,vetiver,bot,woody
253,acquadiparma,magnolianobile,vanilla,bot,spicy
254,acquadiparma,notedicoloniai,bergamot,top,citrus
255,acquadiparma,notedicoloniai,neroli,top,citrus
256,acquadiparma,notedicoloniai,lavender,mid,floral
257,acquadiparma,notedicoloniai,rose,mid,floral
258,acquadiparma,notedicoloniai,violet,mid,floral
259,acquadiparma,notedicoloniai,patchouli,bot,woody
260,acquadiparma,notedicoloniai,cedar,bot,woody
261,acquadiparma,notedicoloniaii,bergamot,top,citrus
262,acquadiparma,notedicoloniaii,orange,top,citrus
263,acquadiparma,notedicoloniaii,grapefruit,top,citrus
264,acquadiparma,notedicoloniaii,cardamom,top,spicy
265,acquadiparma,notedicoloniaii,basil,top,green
266,acquadiparma,notedicoloniaii,sandalwood,mid,woody
267,acquadiparma,notedicoloniaii,guaiac wood,mid,woody
268,acquadiparma,notedicoloniaii,musk,bot,musk
269,acquadiparma,notedicoloniaii,vetiver,bot,woody
270,acquadiparma,notedicoloniaiii,mandarin orange,top,citrus
271,acquadiparma,notedicoloniaiii,ginger,top,spicy
272,acquadiparma,notedicoloniaiii,vetiver,mid,woody
273,acquadiparma,notedicoloniaiii,olibanum (frankincense),mid,resins
274,acquadiparma,notedicoloniaiii,jasmine,mid,whitefloral
275,acquadiparma,notedicoloniaiii,tonka bean,bot,spicy
276,acquadiparma,notedicoloniaiii,myrrh,bot,resins
277,acquadiparma,notedicoloniaiii,rose,bot,floral
278,acquadiparma,notedicoloniaiv,bergamot,top,citrus
279,acquadiparma,notedicoloniaiv,mandarin orange,top,citrus
280,acquadiparma,notedicoloniaiv,rose,mid,floral
281,acquadiparma,notedicoloniaiv,orange blossom,mid,whitefloral
282,acquadiparma,notedicoloniaiv,opoponax,bot,resins
283,acquadiparma,notedicoloniaiv,rose,bot,floral
284,acquadiparma,notedicoloniaiv,patchouli,bot,woody
285,acquadiparma,notedicoloniav,lemon,top,citrus
286,acquadiparma,notedicoloniav,bergamot,top,citrus
287,acquadiparma,notedicoloniav,pink pepper,top,spicy
288,acquadiparma,notedicoloniav,ginger,mid,spicy
289,acquadiparma,notedicoloniav,juniper,mid,green
290,acquadiparma,notedicoloniav,sandalwood,bot,woody
291,acquadiparma,notedicoloniav,cedar,bot,woody
292,byredo,mixedemotions,mate,top,green
293,byredo,mixedemotions,black currant,top,fruity
294,byredo,mixedemotions,earl grey tea,mid,green
295,byredo,mixedemotions,violet leaf,mid,green
296,byredo,mixedemotions,birch,bot,woody
297,byredo,mixedemotions,papyrus,bot,woody
298,byredo,gypsywater,bergamot,top,citrus
299,byredo,gypsywater,juniper berries,top,green
300,byredo,gypsywater,lemon,top,citrus
301,byredo,gypsywater,pepper,top,spicy
302,byredo,gypsywater,incense,mid,resins
303,byredo,gypsywater,orris root,mid,floral
304,byredo,gypsywater,pine tree,mid,woody
305,byredo,gypsywater,amber,bot,musk
306,byredo,gypsywater,sandalwood,bot,woody
307,byredo,gypsywater,vanilla,bot,spicy
308,byredo,bald'afrique,marigold,top,green
309,byredo,bald'afrique,bergamot,top,citrus
310,byredo,bald'afrique,buchu or agathosma,top,green
311,byredo,bald'afrique,cyclamen,mid,floral
312,byredo,bald'afrique,violet,mid,floral
313,byredo,bald'afrique,cedar,bot,woody
314,byredo,bald'afrique,vetiver,bot,woody
315,byredo,roseofnoman'sland,pink pepper,top,spicy
316,byredo,roseofnoman'sland,rose,top,floral
317,byredo,roseofnoman'sland,raspberry blossom,mid,floral
318,byredo,roseofnoman'sland,rose,mid,floral
319,byredo,roseofnoman'sland,papyrus,bot,woody
320,byredo,roseofnoman'sland,amber,bot,musk
321,byredo,blanche,aldehydes,top,etc
322,byredo,blanche,pink pepper,top,spicy
323,byredo,blanche,rose,top,floral
324,byredo,blanche,neroli,mid,citrus
325,byredo,blanche,peony,mid,floral
326,byredo,blanche,violet,mid,floral
327,byredo,blanche,woody notes,bot,woody
328,byredo,blanche,musk,bot,musk
329,byredo,blanche,sandalwood,bot,woody
330,byredo,mojaveghost,ambrette (musk mallow),top,musk
331,byredo,mojaveghost,magnolia,mid,floral
332,byredo,mojaveghost,sandalwood,mid,woody
333,byredo,mojaveghost,violet,mid,floral
334,byredo,mojaveghost,cedar,bot,woody
335,byredo,mojaveghost,musk,bot,musk
336,byredo,mojaveghost,amber,bot,musk
337,byredo,supercedar,rose,top,floral
338,byredo,supercedar,cedar,mid,woody
339,byredo,supercedar,vetiver,bot,woody
340,byredo,supercedar,musk,bot,musk
341,byredo,unnamed,unknown,top,etc
342,byredo,unnamed,unknown,mid,etc
343,byredo,unnamed,unknown,bot,etc
344,byredo,latulipe,cyclamen,top,floral
345,byredo,latulipe,freesia,top,floral
346,byredo,latulipe,rhubarb,top,fruity
347,byredo,latulipe,tulip,mid,floral
348,byredo,latulipe,woody notes,bot,woody
349,byredo,latulipe,vetiver,bot,woody
350,byredo,biblioth챔que,peach,top,fruity
351,byredo,biblioth챔que,plum,top,fruity
352,byredo,biblioth챔que,peony,mid,floral
353,byredo,biblioth챔que,violet,mid,floral
354,byredo,biblioth챔que,leather,bot,musk
355,byredo,biblioth챔que,patchouli,bot,woody
356,byredo,biblioth챔que,vanilla,bot,spicy
357,byredo,1996,pepper,top,spicy
358,byredo,1996,juniper berries,top,green
359,byredo,1996,leather,mid,musk
360,byredo,1996,orris root,mid,floral
361,byredo,1996,violet,mid,floral
362,byredo,1996,amber,bot,musk
363,byredo,1996,patchouli,bot,woody
364,byredo,1996,vanilla,bot,spicy
365,byredo,oudimmortel,cardamom,top,spicy
366,byredo,oudimmortel,incense,top,resins
367,byredo,oudimmortel,brazilian rosewood,mid,woody
368,byredo,oudimmortel,papyrus,mid,woody
369,byredo,oudimmortel,patchouli,mid,woody
370,byredo,oudimmortel,oakmoss,bot,woody
371,byredo,oudimmortel,tobacco blossom,bot,floral
372,byredo,eleventhhour,bergamot,top,citrus
373,byredo,eleventhhour,pepper,top,spicy
374,byredo,eleventhhour,rum,mid,beverage
375,byredo,eleventhhour,carrot seeds,mid,musk
376,byredo,eleventhhour,fig,mid,fruity
377,byredo,eleventhhour,tonka bean,bot,spicy
378,byredo,eleventhhour,cashmir wood,bot,woody
379,byredo,mistermarvelous,mandarin orange blossom,top,whitefloral
380,byredo,mistermarvelous,neroli,top,citrus
381,byredo,mistermarvelous,bamboo,mid,woody
382,byredo,mistermarvelous,lavender,mid,floral
383,byredo,mistermarvelous,amber,bot,musk
384,byredo,mistermarvelous,cedar,bot,woody
385,byredo,casablancalily,plum,top,fruity
386,byredo,casablancalily,gardenia,top,whitefloral
387,byredo,casablancalily,carnation,mid,floral
388,byredo,casablancalily,tuberose,mid,whitefloral
389,byredo,casablancalily,brazilian rosewood,bot,woody
390,byredo,casablancalily,honey,bot,sweets
391,byredo,sellier,cashmeran,top,etc
392,byredo,sellier,earl grey tea,top,green
393,byredo,sellier,leather,mid,musk
394,byredo,sellier,tobacco blossom,mid,floral
395,byredo,sellier,birch,bot,woody
396,byredo,sellier,oakmoss,bot,woody
397,byredo,reinedenuit,black currant,top,fruity
398,byredo,reinedenuit,saffron,top,spicy
399,byredo,reinedenuit,incense,mid,resins
400,byredo,reinedenuit,rose,mid,floral
401,byredo,reinedenuit,ambrette (musk mallow),bot,musk
402,byredo,reinedenuit,patchouli,bot,woody
403,byredo,rosenoir,cardamom,top,spicy
404,byredo,rosenoir,freesia,top,floral
405,byredo,rosenoir,grapefruit,top,citrus
406,byredo,rosenoir,red berries,top,fruity
407,byredo,rosenoir,lily of the valley leaves,mid,green
408,byredo,rosenoir,raspberry,mid,fruity
409,byredo,rosenoir,rose,mid,floral
410,byredo,rosenoir,violet,mid,floral
411,byredo,rosenoir,jasmine,mid,whitefloral
412,byredo,rosenoir,oakmoss,bot,woody
413,byredo,rosenoir,musk,bot,musk
414,byredo,rosenoir,patchouli,bot,woody
415,byredo,rosenoir,rose,bot,floral
416,byredo,slowdance,opoponax,top,resins
417,byredo,slowdance,geranium,mid,floral
418,byredo,slowdance,labdanum,mid,resins
419,byredo,slowdance,violet,mid,floral
420,byredo,slowdance,patchouli,bot,woody
421,byredo,slowdance,vanilla,bot,spicy
422,byredo,accordoud,blackberry,top,fruity
423,byredo,accordoud,rum,top,beverage
424,byredo,accordoud,saffron,top,spicy
425,byredo,accordoud,clary sage,mid,green
426,byredo,accordoud,leather,mid,musk
427,byredo,accordoud,patchouli,bot,woody
428,byredo,accordoud,musk,bot,musk
429,byredo,tobaccomandarin,mandarin orange,top,citrus
430,byredo,tobaccomandarin,coriander,top,spicy
431,byredo,tobaccomandarin,cumin,top,spicy
432,byredo,tobaccomandarin,labdanum,mid,resins
433,byredo,tobaccomandarin,leather,mid,musk
434,byredo,tobaccomandarin,tobacco,mid,green
435,byredo,tobaccomandarin,sandalwood,bot,woody
436,byredo,tobaccomandarin,argan tree,bot,woody
437,byredo,tobaccomandarin,olibanum (frankincense),bot,resins
438,byredo,m/mink,aldehydes,top,etc
439,byredo,m/mink,incense,mid,resins
440,byredo,m/mink,amber,bot,musk
441,byredo,m/mink,cedar,bot,woody
442,byredo,m/mink,honey,bot,sweets
443,byredo,m/mink,patchouli,bot,woody
444,byredo,blacksaffron,juniper berries,top,green
445,byredo,blacksaffron,pomelo,top,citrus
446,byredo,blacksaffron,saffron,top,spicy
447,byredo,blacksaffron,leather,mid,musk
448,byredo,blacksaffron,violet,mid,floral
449,byredo,blacksaffron,rose,mid,floral
450,byredo,blacksaffron,woody notes,bot,woody
451,byredo,blacksaffron,raspberry,bot,fruity
452,byredo,blacksaffron,vetiver,bot,woody
453,byredo,lilfleur,saffron,top,spicy
454,byredo,lilfleur,cassia,top,spicy
455,byredo,lilfleur,tangerine,top,citrus
456,byredo,lilfleur,leather,mid,musk
457,byredo,lilfleur,rose,mid,floral
458,byredo,lilfleur,amber,bot,musk
459,byredo,lilfleur,woody notes,bot,woody
460,byredo,lilfleur,vanilla,bot,spicy
461,byredo,inflorescence,freesia,top,floral
462,byredo,inflorescence,rose,top,floral
463,byredo,inflorescence,lily of the valley leaves,mid,green
464,byredo,inflorescence,magnolia,mid,floral
465,byredo,inflorescence,jasmine,bot,whitefloral
466,byredo,sundaycologne,bergamot,top,citrus
467,byredo,sundaycologne,cardamom,top,spicy
468,byredo,sundaycologne,star anise,top,spicy
469,byredo,sundaycologne,geranium,mid,floral
470,byredo,sundaycologne,incense,mid,resins
471,byredo,sundaycologne,lavender,mid,floral
472,byredo,sundaycologne,oakmoss,bot,woody
473,byredo,sundaycologne,patchouli,bot,woody
474,byredo,sundaycologne,vetiver,bot,woody
475,byredo,sundazed,lemon,top,citrus
476,byredo,sundazed,mandarin orange,top,citrus
477,byredo,sundazed,neroli,mid,citrus
478,byredo,sundazed,jasmine,mid,whitefloral
479,byredo,sundazed,musk,bot,musk
480,byredo,sundazed,cotton candy,bot,sweets
481,byredo,palermo,bigarade,top,fruity
482,byredo,palermo,bergamot,top,citrus
483,byredo,palermo,musk,mid,musk
484,byredo,palermo,rose,mid,floral
485,byredo,palermo,ambrette (musk mallow),bot,musk
486,byredo,palermo,musk,bot,musk
487,byredo,pulp,bergamot,top,citrus
488,byredo,pulp,black currant,top,fruity
489,byredo,pulp,cardamom,top,spicy
490,byredo,pulp,fig,mid,fruity
491,byredo,pulp,red apple,mid,fruity
492,byredo,pulp,tiare flower,mid,whitefloral
493,byredo,pulp,cedar,bot,woody
494,byredo,pulp,peach blossom,bot,floral
495,byredo,pulp,praline,bot,sweets
496,byredo,flowerhead,angelica,top,green
497,byredo,flowerhead,lingonberry,top,fruity
498,byredo,flowerhead,lemon,top,citrus
499,byredo,flowerhead,tuberose,mid,whitefloral
500,byredo,flowerhead,rose,mid,floral
501,byredo,flowerhead,jasmine,mid,whitefloral
502,byredo,flowerhead,amber,bot,musk
503,byredo,flowerhead,suede,bot,musk
504,byredo,velvethaze,ambrette (musk mallow),top,musk
505,byredo,velvethaze,coconut water,top,fruity
506,byredo,velvethaze,patchouli,mid,woody
507,byredo,velvethaze,musk,bot,musk
508,byredo,velvethaze,dark chocolate,bot,sweets
509,byredo,velvethaze,musk,bot,musk
510,maisonmargiela,replicaatthebarber's,bigarade,top,fruity
511,maisonmargiela,replicaatthebarber's,basil,top,green
512,maisonmargiela,replicaatthebarber's,pepper,top,spicy
513,maisonmargiela,replicaatthebarber's,geranium,mid,floral
514,maisonmargiela,replicaatthebarber's,lavender,mid,floral
515,maisonmargiela,replicaatthebarber's,rosemary,mid,green
516,maisonmargiela,replicaatthebarber's,tonka bean,bot,spicy
517,maisonmargiela,replicaatthebarber's,oakmoss,bot,woody
518,maisonmargiela,replicaatthebarber's,musk,bot,musk
519,maisonmargiela,replicaatthebarber's,tonka bean,bot,spicy
520,maisonmargiela,replicaatthebarber's,pepper,bot,spicy
521,maisonmargiela,replicaatthebarber's,rosemary,bot,green
522,maisonmargiela,replicaatthebarber's,basil,bot,green
523,maisonmargiela,replicabeachwalk,bergamot,top,citrus
524,maisonmargiela,replicabeachwalk,pink pepper,top,spicy
525,maisonmargiela,replicabeachwalk,lemon,top,citrus
526,maisonmargiela,replicabeachwalk,aldehydes,mid,etc
527,maisonmargiela,replicabeachwalk,ylang-ylang,mid,floral
528,maisonmargiela,replicabeachwalk,coconut,mid,fruity
529,maisonmargiela,replicabeachwalk,musk,bot,musk
530,maisonmargiela,replicabeachwalk,cedar,bot,woody
531,maisonmargiela,replicabeachwalk,benzoin,bot,resins
532,maisonmargiela,replicabubblebath,fig leaf,top,fruity
533,maisonmargiela,replicabubblebath,freesia,top,floral
534,maisonmargiela,replicabubblebath,jasmine,mid,whitefloral
535,maisonmargiela,replicabubblebath,jasmine,mid,whitefloral
536,maisonmargiela,replicabubblebath,tuberose,mid,whitefloral
537,maisonmargiela,replicabubblebath,rose,mid,floral
538,maisonmargiela,replicabubblebath,peach,bot,fruity
539,maisonmargiela,replicabubblebath,cedar,bot,woody
540,maisonmargiela,replicabubblebath,oakmoss,bot,woody
541,maisonmargiela,replicabythefireplace,pink pepper,top,spicy
542,maisonmargiela,replicabythefireplace,orange blossom,top,whitefloral
543,maisonmargiela,replicabythefireplace,clove leaf,top,spicy
544,maisonmargiela,replicabythefireplace,chestnut,mid,fruity
545,maisonmargiela,replicabythefireplace,guaiac wood,mid,woody
546,maisonmargiela,replicabythefireplace,cade oil,mid,resins
547,maisonmargiela,replicabythefireplace,vanilla,bot,spicy
548,maisonmargiela,replicabythefireplace,peru balsam,bot,resins
549,maisonmargiela,replicabythefireplace,cashmeran,bot,etc
550,maisonmargiela,replicacoffeebreak,pepper,top,spicy
551,maisonmargiela,replicacoffeebreak,orange blossom,top,whitefloral
552,maisonmargiela,replicacoffeebreak,patchouli,top,woody
553,maisonmargiela,replicacoffeebreak,cypriol oil or nagarmotha,mid,woody
554,maisonmargiela,replicacoffeebreak,tonka bean,mid,spicy
555,maisonmargiela,replicacoffeebreak,benzoin,mid,resins
556,maisonmargiela,replicacoffeebreak,vanilla,bot,spicy
557,maisonmargiela,replicacoffeebreak,cedar,bot,woody
558,maisonmargiela,replicacoffeebreak,vetiver,bot,woody
559,maisonmargiela,replicaflowermarket,currant leaf and bud,top,fruity
560,maisonmargiela,replicaflowermarket,freesia,top,floral
561,maisonmargiela,replicaflowermarket,jasmine,top,whitefloral
562,maisonmargiela,replicaflowermarket,jasmine,mid,whitefloral
563,maisonmargiela,replicaflowermarket,tuberose,mid,whitefloral
564,maisonmargiela,replicaflowermarket,rose,mid,floral
565,maisonmargiela,replicaflowermarket,peach,bot,fruity
566,maisonmargiela,replicaflowermarket,cedar,bot,woody
567,maisonmargiela,replicaflowermarket,oakmoss,bot,woody
568,maisonmargiela,replicajazzclub,lemon,top,citrus
569,maisonmargiela,replicajazzclub,pink pepper,top,spicy
570,maisonmargiela,replicajazzclub,neroli,top,citrus
571,maisonmargiela,replicajazzclub,clary sage,mid,green
572,maisonmargiela,replicajazzclub,rum,mid,beverage
573,maisonmargiela,replicajazzclub,vetiver,mid,woody
574,maisonmargiela,replicajazzclub,styrax,bot,resins
575,maisonmargiela,replicajazzclub,tobacco blossom,bot,floral
576,maisonmargiela,replicajazzclub,vanilla,bot,spicy
577,maisonmargiela,replicalazysundaymorning,pear,top,fruity
578,maisonmargiela,replicalazysundaymorning,ambrette (musk mallow),top,musk
579,maisonmargiela,replicalazysundaymorning,aldehydes,top,etc
580,maisonmargiela,replicalazysundaymorning,iris,mid,floral
581,maisonmargiela,replicalazysundaymorning,rose,mid,floral
582,maisonmargiela,replicalazysundaymorning,orange blossom,mid,whitefloral
583,maisonmargiela,replicalazysundaymorning,patchouli,bot,woody
584,maisonmargiela,replicalazysundaymorning,woody notes,bot,woody
585,maisonmargiela,replicalazysundaymorning,musk,bot,musk
586,maisonmargiela,replicamatchameditation,bergamot,top,citrus
587,maisonmargiela,replicamatchameditation,mandarin orange,top,citrus
588,maisonmargiela,replicamatchameditation,matcha tea,top,green
589,maisonmargiela,replicamatchameditation,matcha tea,mid,green
590,maisonmargiela,replicamatchameditation,orange blossom,mid,whitefloral
591,maisonmargiela,replicamatchameditation,jasmine,mid,whitefloral
592,maisonmargiela,replicamatchameditation,benzoin,bot,resins
593,maisonmargiela,replicamatchameditation,oakmoss,bot,woody
594,maisonmargiela,replicamatchameditation,white chocolate,bot,sweets
595,maisonmargiela,replicamusicfestival,horseweed,top,green
596,maisonmargiela,replicamusicfestival,violet,top,floral
597,maisonmargiela,replicamusicfestival,red apple,top,fruity
598,maisonmargiela,replicamusicfestival,patchouli,mid,woody
599,maisonmargiela,replicamusicfestival,tobacco,mid,green
600,maisonmargiela,replicamusicfestival,incense,mid,resins
601,maisonmargiela,replicamusicfestival,leather,bot,musk
602,maisonmargiela,replicamusicfestival,cedar,bot,woody
603,maisonmargiela,replicamusicfestival,cypress,bot,woody
604,maisonmargiela,replicasailingday,water,top,etc
605,maisonmargiela,replicasailingday,aldehydes,top,etc
606,maisonmargiela,replicasailingday,juniper,top,green
607,maisonmargiela,replicasailingday,coriander,mid,spicy
608,maisonmargiela,replicasailingday,iris,mid,floral
609,maisonmargiela,replicasailingday,rose,mid,floral
610,maisonmargiela,replicasailingday,seaweed,bot,green
611,maisonmargiela,replicasailingday,ambergris,bot,musk
612,maisonmargiela,replicasailingday,musk,bot,musk
613,maisonmargiela,replicaspringtimeinapark,pear,top,fruity
614,maisonmargiela,replicaspringtimeinapark,bergamot,top,citrus
615,maisonmargiela,replicaspringtimeinapark,black currant,top,fruity
616,maisonmargiela,replicaspringtimeinapark,lily of the valley leaves,mid,green
617,maisonmargiela,replicaspringtimeinapark,jasmine,mid,whitefloral
618,maisonmargiela,replicaspringtimeinapark,rose,mid,floral
619,maisonmargiela,replicaspringtimeinapark,musk,bot,musk
620,maisonmargiela,replicaspringtimeinapark,vanilla,bot,spicy
621,maisonmargiela,replicaspringtimeinapark,ambroxan,bot,musk
622,maisonmargiela,replicaunderthelemontrees,calamansi,top,citrus
623,maisonmargiela,replicaunderthelemontrees,petitgrain,top,citrus
624,maisonmargiela,replicaunderthelemontrees,cardamom,top,spicy
625,maisonmargiela,replicaunderthelemontrees,coriander,mid,spicy
626,maisonmargiela,replicaunderthelemontrees,mate,mid,green
627,maisonmargiela,replicaunderthelemontrees,matcha tea,mid,green
628,maisonmargiela,replicaunderthelemontrees,cedar,bot,woody
629,maisonmargiela,replicaunderthelemontrees,musk,bot,musk
630,maisonmargiela,replicawhispersinthelibrary,pepper,top,spicy
631,maisonmargiela,replicawhispersinthelibrary,orange blossom,top,whitefloral
632,maisonmargiela,replicawhispersinthelibrary,patchouli,top,woody
633,maisonmargiela,replicawhispersinthelibrary,cypriol oil or nagarmotha,mid,woody
634,maisonmargiela,replicawhispersinthelibrary,tonka bean,mid,spicy
635,maisonmargiela,replicawhispersinthelibrary,benzoin,mid,resins
636,maisonmargiela,replicawhispersinthelibrary,vanilla,bot,spicy
637,maisonmargiela,replicawhispersinthelibrary,cedar,bot,woody
638,maisonmargiela,replicawhispersinthelibrary,vetiver,bot,woody
639,santamarianovella,acquadis.m.novella,citruses,top,citrus
640,santamarianovella,acquadis.m.novella,lavender,mid,floral
641,santamarianovella,acquadis.m.novella,rosemary,mid,green
642,santamarianovella,acquadis.m.novella,oriental notes,bot,spicy
643,santamarianovella,angelidifirenze,jasmine,top,whitefloral
644,santamarianovella,angelidifirenze,ylang-ylang,top,floral
645,santamarianovella,angelidifirenze,cyclamen,top,floral
646,santamarianovella,angelidifirenze,peach,mid,fruity
647,santamarianovella,angelidifirenze,melon,mid,fruity
648,santamarianovella,angelidifirenze,black currant,mid,fruity
649,santamarianovella,angelidifirenze,iris,mid,floral
650,santamarianovella,angelidifirenze,vanilla,bot,spicy
651,santamarianovella,angelidifirenze,musk,bot,musk
652,santamarianovella,angelidifirenze,woody notes,bot,woody
653,santamarianovella,freesia,freesia,top,floral
654,santamarianovella,freesia,freesia,mid,floral
655,santamarianovella,freesia,freesia,bot,floral
656,santamarianovella,tabaccotoscano,bergamot,top,citrus
657,santamarianovella,tabaccotoscano,jasmine,top,whitefloral
658,santamarianovella,tabaccotoscano,tobacco,mid,green
659,santamarianovella,tabaccotoscano,birch,mid,woody
660,santamarianovella,tabaccotoscano,indian spices,mid,spicy
661,santamarianovella,tabaccotoscano,cedar,bot,woody
662,santamarianovella,tabaccotoscano,vanilla,bot,spicy
663,santamarianovella,tabaccotoscano,malt,bot,fruity
664,santamarianovella,melograno,floral notes,top,floral
665,santamarianovella,melograno,citruses,top,citrus
666,santamarianovella,melograno,floral notes,mid,floral
667,santamarianovella,melograno,oriental notes,bot,spicy
668,santamarianovella,potpourri,citruses,top,citrus
669,santamarianovella,potpourri,lavender,top,floral
670,santamarianovella,potpourri,rosemary,mid,green
671,santamarianovella,potpourri,thyme,mid,green
672,santamarianovella,potpourri,patchouli,bot,woody
673,santamarianovella,rosa,floral notes,top,floral
674,santamarianovella,rosa,rose,mid,floral
675,santamarianovella,rosa,limnophila aromatica,bot,green
676,santamarianovella,rosanovella,citruses,top,citrus
677,santamarianovella,rosanovella,floral notes,top,floral
678,santamarianovella,rosanovella,woody notes,top,woody
679,santamarianovella,rosanovella,citruses,mid,citrus
680,santamarianovella,rosanovella,floral notes,mid,floral
681,santamarianovella,rosanovella,woody notes,mid,woody
682,santamarianovella,rosanovella,citruses,bot,citrus
683,santamarianovella,rosanovella,floral notes,bot,floral
684,santamarianovella,rosanovella,woody notes,bot,woody
685,santamarianovella,acquadicuba,citruses,top,citrus
686,santamarianovella,acquadicuba,cardamom,top,spicy
687,santamarianovella,acquadicuba,tobacco blossom,mid,floral
688,santamarianovella,acquadicuba,honey,mid,sweets
689,santamarianovella,acquadicuba,indian spices,mid,spicy
690,santamarianovella,acquadicuba,honey,bot,sweets
691,santamarianovella,acquadicuba,clary sage,bot,green
692,santamarianovella,acquadisicilia,bergamot,top,citrus
693,santamarianovella,acquadisicilia,lemon,top,citrus
694,santamarianovella,acquadisicilia,neroli,top,citrus
695,santamarianovella,acquadisicilia,petitgrain,mid,citrus
696,santamarianovella,acquadisicilia,rosemary,mid,green
697,santamarianovella,acquadisicilia,benzoin,bot,resins
698,santamarianovella,albadiseoul,bergamot,top,citrus
699,santamarianovella,albadiseoul,indian spices,top,spicy
700,santamarianovella,albadiseoul,pine tree,mid,woody
701,santamarianovella,albadiseoul,pine tree,bot,woody
702,santamarianovella,albadiseoul,patchouli,bot,woody
703,santamarianovella,calarossa,lavender,top,floral
704,santamarianovella,calarossa,mint,top,green
705,santamarianovella,calarossa,eucalyptus,top,woody
706,santamarianovella,calarossa,sunflower,mid,floral
707,santamarianovella,calarossa,fennel,mid,spicy
708,santamarianovella,calarossa,rosemary,bot,green
709,santamarianovella,calarossa,myrtle,bot,floral
710,santamarianovella,cinquanta,gardenia,top,whitefloral
711,santamarianovella,cinquanta,orange blossom,top,whitefloral
712,santamarianovella,cinquanta,matcha tea,mid,green
713,santamarianovella,cinquanta,wood,mid,woody
714,santamarianovella,cinquanta,amber,bot,musk
715,santamarianovella,cinquanta,woody notes,bot,woody
716,santamarianovella,cinquanta,musk,bot,musk
717,santamarianovella,eva,lemon,top,citrus
718,santamarianovella,eva,bitter orange,top,citrus
719,santamarianovella,eva,pepper,mid,spicy
720,santamarianovella,eva,vetiver,bot,woody
721,santamarianovella,eva,cedar,bot,woody
722,santamarianovella,fieno,citruses,top,citrus
723,santamarianovella,fieno,rose,mid,floral
724,santamarianovella,fieno,myrtle,mid,floral
725,santamarianovella,fieno,hawthorn,mid,floral
726,santamarianovella,fieno,sandalwood,bot,woody
727,santamarianovella,fieno,resins,bot,resins
728,santamarianovella,fieno,vetiver,bot,woody
729,santamarianovella,gelsomino,jasmine,top,whitefloral
730,santamarianovella,gelsomino,jasmine,mid,whitefloral
731,santamarianovella,gelsomino,jasmine,bot,whitefloral
732,santamarianovella,ginestra,lydia broom,top,floral
733,santamarianovella,ginestra,floral notes,mid,floral
734,santamarianovella,ginestra,musk,bot,musk
735,santamarianovella,ginestra,wood,bot,woody
736,santamarianovella,iris,aldehydes,top,etc
737,santamarianovella,iris,floral notes,mid,floral
738,santamarianovella,iris,iris,bot,floral
739,santamarianovella,iris,oak,bot,woody
740,santamarianovella,lana,cardamom,top,spicy
741,santamarianovella,lana,fig leaf,top,fruity
742,santamarianovella,lana,bergamot,top,citrus
743,santamarianovella,lana,rose,mid,floral
744,santamarianovella,lana,green notes,mid,green
745,santamarianovella,lana,sea water,mid,etc
746,santamarianovella,lana,musk,bot,musk
747,santamarianovella,lana,woody notes,bot,woody
748,santamarianovella,marescialla,citruses,top,citrus
749,santamarianovella,marescialla,mace,top,spicy
750,santamarianovella,marescialla,cedar,mid,woody
751,santamarianovella,marescialla,rose,mid,floral
752,santamarianovella,marescialla,wood,bot,woody
753,santamarianovella,marescialla,musk,bot,musk
754,santamarianovella,mughetto,lily-of-the-valley,top,floral
755,santamarianovella,mughetto,lily-of-the-valley,mid,floral
756,santamarianovella,mughetto,lily-of-the-valley,bot,floral
757,santamarianovella,muschio,musk,top,musk
758,santamarianovella,muschio,musk,mid,musk
759,santamarianovella,muschio,musk,bot,musk
760,santamarianovella,muschiooro,musk,top,musk
761,santamarianovella,muschiooro,musk,mid,musk
762,santamarianovella,muschiooro,musk,bot,musk
763,santamarianovella,nostalgia,rubber,top,resins
764,santamarianovella,nostalgia,resins,top,resins
765,santamarianovella,nostalgia,bergamot,top,citrus
766,santamarianovella,nostalgia,patchouli,mid,woody
767,santamarianovella,nostalgia,cedar,mid,woody
768,santamarianovella,nostalgia,tobacco blossom,bot,floral
769,santamarianovella,nostalgia,vanilla,bot,spicy
770,santamarianovella,opoponax,woody notes,top,woody
771,santamarianovella,opoponax,woody notes,mid,woody
772,santamarianovella,opoponax,woody notes,bot,woody
773,santamarianovella,patchouli,floral notes,top,floral
774,santamarianovella,patchouli,brazilian rosewood,mid,woody
775,santamarianovella,patchouli,patchouli,bot,woody
776,santamarianovella,patchouli,sandalwood,bot,woody
777,santamarianovella,patchouli,oak,bot,woody
778,santamarianovella,peaud'espagne,bergamot,top,citrus
779,santamarianovella,peaud'espagne,jasmine,top,whitefloral
780,santamarianovella,peaud'espagne,violet leaf,mid,green
781,santamarianovella,peaud'espagne,hawthorn,mid,floral
782,santamarianovella,peaud'espagne,wood,bot,woody
783,santamarianovella,russa,citruses,top,citrus
784,santamarianovella,russa,bergamot,top,citrus
785,santamarianovella,russa,petitgrain,mid,citrus
786,santamarianovella,russa,green notes,mid,green
787,santamarianovella,russa,cloves,mid,spicy
788,santamarianovella,russa,benzoin,bot,resins
789,santamarianovella,sandalo,sandalwood,top,woody
790,santamarianovella,sandalo,sandalwood,mid,woody
791,santamarianovella,sandalo,sandalwood,bot,woody
792,santamarianovella,tuberosa,tuberose,top,whitefloral
793,santamarianovella,tuberosa,tuberose,mid,whitefloral
794,santamarianovella,tuberosa,tuberose,bot,whitefloral
795,santamarianovella,vaniglia,vanilla,top,spicy
796,santamarianovella,vaniglia,vanilla,mid,spicy
797,santamarianovella,vaniglia,vanilla,bot,spicy
798,santamarianovella,vetiver,vetiver,top,woody
799,santamarianovella,vetiver,vetiver,mid,woody
800,santamarianovella,vetiver,vetiver,bot,woody
801,santamarianovella,zagara,floral notes,top,floral
802,santamarianovella,zagara,floral notes,mid,floral
803,santamarianovella,zagara,floral notes,bot,floral
804,santamarianovella,lavandaimperiale,bergamot,top,citrus
805,santamarianovella,lavandaimperiale,ylang-ylang,top,floral
806,santamarianovella,lavandaimperiale,lavender,mid,floral
807,santamarianovella,lavandaimperiale,sage,bot,green
808,santamarianovella,lavandaambrata,oriental notes,top,spicy
809,santamarianovella,lavandaambrata,oriental notes,mid,spicy
810,santamarianovella,lavandaambrata,oriental notes,bot,spicy
811,jomalone,154,grapefruit,top,citrus
812,jomalone,154,bergamot,top,citrus
813,jomalone,154,mandarin orange,top,citrus
814,jomalone,154,nutmeg,mid,spicy
815,jomalone,154,lavender,mid,floral
816,jomalone,154,basil,mid,green
817,jomalone,154,vetiver,bot,woody
818,jomalone,154,patchouli,bot,woody
819,jomalone,154,musk,bot,musk
820,jomalone,154,vanilla,bot,spicy
821,jomalone,grapefruit,grapefruit,top,citrus
822,jomalone,grapefruit,tangerine,top,citrus
823,jomalone,grapefruit,rosemary,mid,green
824,jomalone,grapefruit,mint,mid,green
825,jomalone,grapefruit,green pepper,mid,green
826,jomalone,grapefruit,jasmine,mid,whitefloral
827,jomalone,grapefruit,vetiver,bot,woody
828,jomalone,grapefruit,oakmoss,bot,woody
829,jomalone,grapefruit,patchouli,bot,woody
830,jomalone,nectarineblossom&honey,green notes,top,green
831,jomalone,nectarineblossom&honey,black currant,top,fruity
832,jomalone,nectarineblossom&honey,petitgrain,top,citrus
833,jomalone,nectarineblossom&honey,nectarine,mid,fruity
834,jomalone,nectarineblossom&honey,black locust,mid,whitefloral
835,jomalone,nectarineblossom&honey,peach,bot,fruity
836,jomalone,nectarineblossom&honey,plum,bot,fruity
837,jomalone,nectarineblossom&honey,vetiver,bot,woody
838,jomalone,darkamber&gingerlily,ginger,top,spicy
839,jomalone,darkamber&gingerlily,cardamom,top,spicy
840,jomalone,darkamber&gingerlily,pink pepper,top,spicy
841,jomalone,darkamber&gingerlily,water lily,mid,floral
842,jomalone,darkamber&gingerlily,orchid,mid,floral
843,jomalone,darkamber&gingerlily,jasmine,mid,whitefloral
844,jomalone,darkamber&gingerlily,rose,mid,floral
845,jomalone,darkamber&gingerlily,sandalwood,bot,woody
846,jomalone,darkamber&gingerlily,amber,bot,musk
847,jomalone,darkamber&gingerlily,olibanum (frankincense),bot,resins
848,jomalone,darkamber&gingerlily,patchouli,bot,woody
849,jomalone,darkamber&gingerlily,leather,bot,musk
850,jomalone,limebasil&mandarin,lime,top,citrus
851,jomalone,limebasil&mandarin,mandarin orange,top,citrus
852,jomalone,limebasil&mandarin,bergamot,top,citrus
853,jomalone,limebasil&mandarin,basil,mid,green
854,jomalone,limebasil&mandarin,thyme,mid,green
855,jomalone,limebasil&mandarin,iris,mid,floral
856,jomalone,limebasil&mandarin,lilac,mid,floral
857,jomalone,limebasil&mandarin,vetiver,bot,woody
858,jomalone,limebasil&mandarin,patchouli,bot,woody
859,jomalone,redroses,lemon,top,citrus
860,jomalone,redroses,mint,top,green
861,jomalone,redroses,rose,mid,floral
862,jomalone,redroses,violet leaf,mid,green
863,jomalone,redroses,beeswax,bot,musk
864,jomalone,mayrrh&tonka,lavender,top,floral
865,jomalone,mayrrh&tonka,myrrh,mid,resins
866,jomalone,mayrrh&tonka,tonka bean,bot,spicy
867,jomalone,mayrrh&tonka,vanilla,bot,spicy
868,jomalone,mayrrh&tonka,almond,bot,fruity
869,jomalone,mimosa&cardamom,cardamom,top,spicy
870,jomalone,mimosa&cardamom,mimosa,mid,floral
871,jomalone,mimosa&cardamom,tonka bean,bot,spicy
872,jomalone,basil&neroli,basil,top,green
873,jomalone,basil&neroli,neroli,mid,citrus
874,jomalone,basil&neroli,vetiver,bot,woody
875,jomalone,basil&neroli,musk,bot,musk
876,jomalone,vetiver&goldenvarilla,vanilla,bot,spicy
877,jomalone,vetiver&goldenvarilla,vetiver,bot,woody
878,jomalone,vetiver&goldenvarilla,cardamom,bot,spicy
879,jomalone,vetiver&goldenvarilla,tea,bot,green
880,jomalone,vetiver&goldenvarilla,grapefruit,bot,citrus
881,jomalone,velvetrose&oud,rose,bot,floral
882,jomalone,velvetrose&oud,agarwood (oud),bot,woody
883,jomalone,velvetrose&oud,praline,bot,sweets
884,jomalone,velvetrose&oud,cloves,bot,spicy
885,jomalone,blackberry&bay,blackberry,bot,fruity
886,jomalone,blackberry&bay,bay leaf,bot,spicy
887,jomalone,blackberry&bay,grapefruit,bot,citrus
888,jomalone,blackberry&bay,cedar,bot,woody
889,jomalone,blackberry&bay,vetiver,bot,woody
890,jomalone,blackberry&bay,floral notes,bot,floral
891,jomalone,amber&lavender,lavender,bot,floral
892,jomalone,amber&lavender,bergamot,bot,citrus
893,jomalone,amber&lavender,mint,bot,green
894,jomalone,amber&lavender,cloves,mid,spicy
895,jomalone,valley,cinnamon,mid,spicy
896,jomalone,valley,amber,bot,musk
897,jomalone,valley,patchouli,bot,woody
898,jomalone,valley,myrrh,bot,resins
899,jomalone,earlgrey&cucumber,bergamot,top,citrus
900,jomalone,earlgrey&cucumber,water,top,etc
901,jomalone,earlgrey&cucumber,jasmine,top,whitefloral
902,jomalone,earlgrey&cucumber,red apple,top,fruity
903,jomalone,earlgrey&cucumber,angelica,mid,green
904,jomalone,earlgrey&cucumber,cucumber,mid,fruity
905,jomalone,earlgrey&cucumber,beeswax,bot,musk
906,jomalone,earlgrey&cucumber,musk,bot,musk
907,jomalone,earlgrey&cucumber,cedar,bot,woody
908,jomalone,earlgrey&cucumber,vanilla,bot,spicy
909,jomalone,oud&bergamot,agarwood (oud),bot,woody
910,jomalone,oud&bergamot,bergamot,bot,citrus
911,jomalone,oud&bergamot,cedar,bot,woody
912,jomalone,oud&bergamot,orange,bot,citrus
913,jomalone,oud&bergamot,lemon,bot,citrus
914,jomalone,orangeblossom,tangerine blossom,top,whitefloral
915,jomalone,orangeblossom,orange blossom,mid,whitefloral
916,jomalone,orangeblossom,lilac,mid,floral
917,jomalone,orangeblossom,water lily,mid,floral
918,jomalone,orangeblossom,iris,bot,floral
919,jomalone,orangeblossom,vetiver,bot,woody
920,jomalone,wildbluebell,bellflower,top,floral
921,jomalone,wildbluebell,cloves,top,spicy
926,jomalone,woodsage&seasalt,salt,bot,etc
927,jomalone,woodsage&seasalt,sage,bot,green
928,jomalone,woodsage&seasalt,grapefruit,bot,citrus
929,jomalone,woodsage&seasalt,ambrette (musk mallow),bot,musk
930,jomalone,woodsage&seasalt,seaweed,bot,green
931,jomalone,englishoak&hazelnut,hazelnut,top,fruity
932,jomalone,englishoak&hazelnut,cedar,mid,woody
933,jomalone,englishoak&hazelnut,oak,bot,woody
934,jomalone,englishpear&fressia,hazelnut,top,fruity
935,jomalone,englishpear&fressia,cedar,mid,woody
936,jomalone,englishpear&fressia,oak,bot,woody
937,jomalone,tuberoseangelica,angelica,top,green
938,jomalone,tuberoseangelica,tuberose,mid,whitefloral
939,jomalone,tuberoseangelica,amber,bot,musk
940,jomalone,tuberoseangelica,woody notes,bot,woody
941,jomalone,pomegranatenoir,pomegranate,top,fruity
942,jomalone,pomegranatenoir,rhubarb,top,fruity
943,jomalone,pomegranatenoir,plum,top,fruity
944,jomalone,pomegranatenoir,raspberry,top,fruity
945,jomalone,pomegranatenoir,watermelon,top,fruity
946,jomalone,pomegranatenoir,cloves,mid,spicy
947,jomalone,pomegranatenoir,pink pepper,mid,spicy
948,jomalone,pomegranatenoir,guaiac wood,mid,woody
949,jomalone,pomegranatenoir,olibanum (frankincense),mid,resins
950,jomalone,pomegranatenoir,opoponax,mid,resins
951,jomalone,pomegranatenoir,rose,mid,floral
952,jomalone,pomegranatenoir,jasmine,mid,whitefloral
957,jomalone,poppy&barley,fig,top,fruity
958,jomalone,poppy&barley,black currant,top,fruity
959,jomalone,poppy&barley,violet,top,floral
960,jomalone,poppy&barley,wheat,mid,green
961,jomalone,poppy&barley,powdery notes,mid,etc
962,jomalone,poppy&barley,poppy,mid,floral
963,jomalone,poppy&barley,barley,bot,green
964,jomalone,poppy&barley,musk,bot,musk
965,jomalone,poppy&barley,bran,bot,green
966,jomalone,peony&blushsuede,red apple,top,fruity
967,jomalone,peony&blushsuede,peony,mid,floral
968,jomalone,peony&blushsuede,rose,mid,floral
969,jomalone,peony&blushsuede,jasmine,mid,whitefloral
970,jomalone,peony&blushsuede,carnation,mid,floral
971,jomalone,peony&blushsuede,suede,bot,musk
972,jomalone,honeysuckle&davana,davana,top,green
973,jomalone,honeysuckle&davana,honeysuckle,mid,whitefloral
974,jomalone,honeysuckle&davana,rose,mid,floral
975,jomalone,honeysuckle&davana,oakmoss,bot,woody
976,diptyque,l'eaudeshespérides,bitter orange,top,citrus
977,diptyque,l'eaudeshespérides,petitgrain,top,citrus
978,diptyque,l'eaudeshespérides,mandarin orange,top,citrus
979,diptyque,l'eaudeshespérides,grass,top,green
980,diptyque,l'eaudeshespérides,rosemary,top,green
981,diptyque,l'eaudeshespérides,lemon,top,citrus
982,diptyque,l'eaudeshespérides,caraway,top,spicy
983,diptyque,l'eaudeshespérides,pepper,top,spicy
984,diptyque,l'eaudeshespérides,mint,mid,green
985,diptyque,l'eaudeshespérides,floral notes,mid,floral
986,diptyque,l'eaudeshespérides,immortelle,bot,green
987,diptyque,l'eaudeshespérides,musk,bot,musk
988,diptyque,l'eaudeshespérides,cedar,bot,woody
989,diptyque,l'eaudenérolieaudetoilette,citruses,top,citrus
990,diptyque,l'eaudenérolieaudetoilette,bergamot,top,citrus
991,diptyque,l'eaudenérolieaudetoilette,lemon verbena,top,citrus
992,diptyque,l'eaudenérolieaudetoilette,petitgrain,top,citrus
993,diptyque,l'eaudenérolieaudetoilette,tarragon,top,green
994,diptyque,l'eaudenérolieaudetoilette,neroli,mid,citrus
995,diptyque,l'eaudenérolieaudetoilette,orange blossom,mid,whitefloral
996,diptyque,l'eaudenérolieaudetoilette,pelargonium,mid,floral
997,diptyque,l'eaudenérolieaudetoilette,beeswax,bot,musk
998,diptyque,l'eaudenérolieaudetoilette,musk,bot,musk
999,diptyque,l'eaudenérolieaudetoilette,cedar,bot,woody
1000,diptyque,geraniumodorataeaudetoilette,geranium,bot,floral
1001,diptyque,geraniumodorataeaudetoilette,bergamot,bot,citrus
1002,diptyque,geraniumodorataeaudetoilette,vetiver,bot,woody
1003,diptyque,geraniumodorataeaudetoilette,pink pepper,bot,spicy
1004,diptyque,geraniumodorataeaudetoilette,cedar,bot,woody
1005,diptyque,geraniumodorataeaudetoilette,tonka bean,bot,spicy
1006,diptyque,vetyverioeaudetoilette,grapefruit,top,citrus
1007,diptyque,vetyverioeaudetoilette,lemon,top,citrus
1008,diptyque,vetyverioeaudetoilette,bergamot,top,citrus
1009,diptyque,vetyverioeaudetoilette,mandarin orange,top,citrus
1010,diptyque,vetyverioeaudetoilette,geranium,mid,floral
1011,diptyque,vetyverioeaudetoilette,rose,mid,floral
1012,diptyque,ylang,nutmeg,mid,spicy
1013,diptyque,ylang,carrot seeds,mid,musk
1014,diptyque,ylang,cloves,mid,spicy
1015,diptyque,ylang,vetiver,bot,woody
1016,diptyque,ylang,musk,bot,musk
1017,diptyque,ylang,cedar,bot,woody
1018,diptyque,l'eautroiseaudetoilette,rosemary,top,green
1019,diptyque,l'eautroiseaudetoilette,myrtle,top,floral
1020,diptyque,l'eautroiseaudetoilette,myrrh,mid,resins
1021,diptyque,l'eautroiseaudetoilette,indian spices,mid,spicy
1022,diptyque,l'eautroiseaudetoilette,caraway,mid,spicy
1023,diptyque,l'eautroiseaudetoilette,pine tree,bot,woody
1024,diptyque,l'eautroiseaudetoilette,olibanum (frankincense),bot,resins
1025,diptyque,l'eautroiseaudetoilette,myrrh,bot,resins
1026,diptyque,tamdaoeaudetoilette,cypress,top,woody
1027,diptyque,tamdaoeaudetoilette,myrtle,top,floral
1028,diptyque,tamdaoeaudetoilette,rose,top,floral
1029,diptyque,tamdaoeaudetoilette,sandalwood,mid,woody
1030,diptyque,tamdaoeaudetoilette,cedar,mid,woody
1031,diptyque,tamdaoeaudetoilette,brazilian rosewood,bot,woody
1032,diptyque,tamdaoeaudetoilette,indian spices,bot,spicy
1033,diptyque,tamdaoeaudetoilette,amber,bot,musk
1034,diptyque,tamdaoeaudetoilette,musk,bot,musk
1035,diptyque,philosykoseaudetoilette,fig leaf,top,fruity
1036,diptyque,philosykoseaudetoilette,fig,top,fruity
1037,diptyque,philosykoseaudetoilette,green notes,mid,green
1038,diptyque,philosykoseaudetoilette,coconut,mid,fruity
1039,diptyque,philosykoseaudetoilette,fig tree,bot,woody
1040,diptyque,philosykoseaudetoilette,woody notes,bot,woody
1041,diptyque,philosykoseaudetoilette,cedar,bot,woody
1042,diptyque,oyédoeaudetoilette,mandarin orange,top,citrus
1043,diptyque,oyédoeaudetoilette,yuzu,top,citrus
1044,diptyque,oyédoeaudetoilette,lemon,top,citrus
1045,diptyque,oyédoeaudetoilette,lime,top,citrus
1046,diptyque,oyédoeaudetoilette,thyme,mid,green
1047,diptyque,oyédoeaudetoilette,woody notes,bot,woody
1048,diptyque,eaulenteeaudetoilette,cloves,top,spicy
1049,diptyque,eaulenteeaudetoilette,cinnamon,top,spicy
1050,diptyque,eaulenteeaudetoilette,indian spices,mid,spicy
1051,diptyque,eaulenteeaudetoilette,opoponax,bot,resins
1052,diptyque,ofrésiaeaudetoilette,pepper,top,spicy
1053,diptyque,ofrésiaeaudetoilette,freesia,mid,floral
1054,diptyque,ofrésiaeaudetoilette,woody notes,bot,woody
1055,diptyque,eaudelierreeaudetoilette,ivy,bot,green
1056,diptyque,eaudelierreeaudetoilette,cyclamen,bot,floral
1057,diptyque,eaudelierreeaudetoilette,musk,bot,musk
1058,diptyque,eaudelierreeaudetoilette,geranium,bot,floral
1059,diptyque,eaudelierreeaudetoilette,woody notes,bot,woody
1060,diptyque,eaudelierreeaudetoilette,brazilian rosewood,bot,woody
1061,diptyque,eaudelierreeaudetoilette,ambergris,bot,musk
1062,diptyque,florabellioeaudetoilette,sea water,top,etc
1063,diptyque,florabellioeaudetoilette,salt,top,etc
1064,diptyque,florabellioeaudetoilette,fennel,top,spicy
1065,diptyque,florabellioeaudetoilette,apple blossom,mid,floral
1066,diptyque,florabellioeaudetoilette,osmanthus,mid,floral
1067,diptyque,florabellioeaudetoilette,coffee,bot,spicy
1068,diptyque,florabellioeaudetoilette,sesame,bot,spicy
1069,diptyque,l'eaueaudetoilette,cinnamon,top,spicy
1070,diptyque,l'eaueaudetoilette,rose,top,floral
1071,diptyque,l'eaueaudetoilette,geranium,mid,floral
1072,diptyque,l'eaueaudetoilette,cloves,bot,spicy
1073,diptyque,l'eaueaudetoilette,sandalwood,bot,woody
1074,diptyque,eauduelleeaudetoilette,vanilla,bot,spicy
1075,diptyque,eauduelleeaudetoilette,resins,bot,resins
1076,diptyque,eauduelleeaudetoilette,cardamom,bot,spicy
1077,diptyque,eauduelleeaudetoilette,juniper,bot,green
1078,diptyque,eauduelleeaudetoilette,olibanum (frankincense),bot,resins
1079,diptyque,eauduelleeaudetoilette,pink pepper,bot,spicy
1080,diptyque,eauduelleeaudetoilette,earl grey tea,bot,green
1081,diptyque,eauduelleeaudetoilette,ambergris,bot,musk
1082,diptyque,eauduelleeaudetoilette,bergamot,bot,citrus
1083,diptyque,eauduelleeaudetoilette,saffron,bot,spicy
1084,diptyque,eauduelleeaudetoilette,musk,bot,musk
1085,diptyque,l'autreeaudetoilette,cardamom,top,spicy
1086,diptyque,l'autreeaudetoilette,pepper,top,spicy
1087,diptyque,l'autreeaudetoilette,carnation,top,floral
1088,diptyque,l'autreeaudetoilette,caraway,mid,spicy
1089,diptyque,l'autreeaudetoilette,nutmeg,mid,spicy
1090,diptyque,l'autreeaudetoilette,coriander,mid,spicy
1091,diptyque,l'autreeaudetoilette,patchouli,bot,woody
1092,diptyque,eauroseeaudetoilette,litchi,top,fruity
1093,diptyque,eauroseeaudetoilette,black currant,top,fruity
1094,diptyque,eauroseeaudetoilette,bergamot,top,citrus
1095,diptyque,eauroseeaudetoilette,rose,mid,floral
1096,diptyque,eauroseeaudetoilette,geranium,mid,floral
1097,diptyque,eauroseeaudetoilette,jasmine,mid,whitefloral
1098,diptyque,eauroseeaudetoilette,musk,bot,musk
1099,diptyque,eauroseeaudetoilette,honey,bot,sweets
1100,diptyque,eauroseeaudetoilette,cedar,bot,woody
1101,diptyque,ylang,floral notes,bot,floral
1102,diptyque,ylang,ginger,bot,spicy
1103,diptyque,ylang,pink pepper,bot,spicy
1104,diptyque,ylang,vetiver,bot,woody
1105,diptyque,ylang,benzoin,bot,resins
1106,diptyque,ylang,incense,bot,resins
1107,diptyque,ylang,patchouli,bot,woody
1108,diptyque,eaudessenseaudetoilette,orange blossom,top,whitefloral
1109,diptyque,eaudessenseaudetoilette,bitter orange,top,citrus
1110,diptyque,eaudessenseaudetoilette,juniper berries,mid,green
1111,diptyque,eaudessenseaudetoilette,angelica,bot,green
1112,diptyque,eaudessenseaudetoilette,patchouli,bot,woody
1113,diptyque,l'ombredansl'eaueaudetoilette,cassia,bot,spicy
1114,diptyque,l'ombredansl'eaueaudetoilette,rose,bot,floral
1115,diptyque,l'ombredansl'eaueaudetoilette,black currant,bot,fruity
1116,diptyque,l'ombredansl'eaueaudetoilette,black currant,bot,fruity
1117,diptyque,l'ombredansl'eaueaudetoilette,bergamot,bot,citrus
1118,diptyque,l'ombredansl'eaueaudetoilette,ambergris,bot,musk
1119,diptyque,l'ombredansl'eaueaudetoilette,musk,bot,musk
1120,diptyque,l'ombredansl'eaueaudetoilette,mandarin orange,bot,citrus
1121,diptyque,oleneeaudetoilette,narcissus,top,floral
1122,diptyque,oleneeaudetoilette,honeysuckle,top,whitefloral
1123,diptyque,oleneeaudetoilette,jasmine,mid,whitefloral
1124,diptyque,oleneeaudetoilette,wisteria,mid,floral
1125,diptyque,oleneeaudetoilette,white flowers,bot,whitefloral
1126,diptyque,oleneeaudetoilette,green notes,bot,green
1127,diptyque,dosoneaudetoilette,orange blossom,top,whitefloral
1128,diptyque,dosoneaudetoilette,iris,top,floral
1129,diptyque,dosoneaudetoilette,rose,top,floral
1130,diptyque,dosoneaudetoilette,tuberose,mid,whitefloral
1131,diptyque,dosoneaudetoilette,pink pepper,mid,spicy
1132,diptyque,dosoneaudetoilette,benzoin,bot,resins
1133,diptyque,dosoneaudetoilette,musk,bot,musk
1134,diptyque,fleurdepeaueaudeparfum,aldehydes,top,etc
1135,diptyque,fleurdepeaueaudeparfum,pink pepper,top,spicy
1136,diptyque,fleurdepeaueaudeparfum,angelica,top,green
1137,diptyque,fleurdepeaueaudeparfum,bergamot,top,citrus
1138,diptyque,fleurdepeaueaudeparfum,iris,mid,floral
1139,diptyque,fleurdepeaueaudeparfum,rose,mid,floral
1140,diptyque,fleurdepeaueaudeparfum,musk,bot,musk
1141,diptyque,fleurdepeaueaudeparfum,ambrette (musk mallow),bot,musk
1142,diptyque,fleurdepeaueaudeparfum,carrot,bot,fruity
1143,diptyque,fleurdepeaueaudeparfum,ambergris,bot,musk
1144,diptyque,fleurdepeaueaudeparfum,leather,bot,musk
1145,diptyque,fleurdepeaueaudeparfum,sandalwood,bot,woody
1146,diptyque,fleurdepeaueaudeparfum,amberwood,bot,resins
1147,diptyque,eaudeminthéeaudeparfum,mint,top,green
1148,diptyque,eaudeminthéeaudeparfum,nutmeg,top,spicy
1149,diptyque,eaudeminthéeaudeparfum,geranium,mid,floral
1150,diptyque,eaudeminthéeaudeparfum,rose,mid,floral
1151,diptyque,eaudeminthéeaudeparfum,patchouli,bot,woody
1152,diptyque,eaucapitaleeaudeparfum,mint,top,green
1153,diptyque,eaucapitaleeaudeparfum,nutmeg,top,spicy
1154,diptyque,eaucapitaleeaudeparfum,geranium,mid,floral
1155,diptyque,eaucapitaleeaudeparfum,rose,mid,floral
1156,diptyque,eaucapitaleeaudeparfum,patchouli,bot,woody
1157,diptyque,tamdaoeaudeparfum,sandalwood,bot,woody
1158,diptyque,tamdaoeaudeparfum,cedar,bot,woody
1159,diptyque,tamdaoeaudeparfum,amberwood,bot,resins
1160,diptyque,tamdaoeaudeparfum,coriander,bot,spicy
1161,diptyque,tamdaoeaudeparfum,vanilla,bot,spicy
1162,diptyque,tamdaoeaudeparfum,musk,bot,musk
1163,diptyque,tamdaoeaudeparfum,lime,bot,citrus
1164,diptyque,tamdaoeaudeparfum,ginger,bot,spicy
1165,diptyque,dosoneaudeparfum,tuberose,bot,whitefloral
1166,diptyque,dosoneaudeparfum,orange,bot,citrus
1167,diptyque,dosoneaudeparfum,musk,bot,musk
1168,diptyque,dosoneaudeparfum,pink pepper,bot,spicy
1169,diptyque,oudpalaoeaudeparfum,laotian oud,bot,woody
1170,diptyque,oudpalaoeaudeparfum,rose,bot,floral
1171,diptyque,oudpalaoeaudeparfum,tobacco,bot,green
1172,diptyque,oudpalaoeaudeparfum,rum,bot,beverage
1173,diptyque,oudpalaoeaudeparfum,labdanum,bot,resins
1174,diptyque,oudpalaoeaudeparfum,sandalwood,bot,woody
1175,diptyque,oudpalaoeaudeparfum,camphor,bot,etc
1176,diptyque,oudpalaoeaudeparfum,patchouli,bot,woody
1177,diptyque,oudpalaoeaudeparfum,vanilla,bot,spicy
1178,diptyque,philosykoseaudeparfum,fig leaf,top,fruity
1179,diptyque,philosykoseaudeparfum,fig,top,fruity
1180,diptyque,philosykoseaudeparfum,fig tree,mid,woody
1181,diptyque,philosykoseaudeparfum,woody notes,bot,woody
1182,diptyque,philosykoseaudeparfum,pepper,bot,spicy
1183,diptyque,vetyverioeaudeparfum,grapefruit,top,citrus
1184,diptyque,vetyverioeaudeparfum,mandarin orange,top,citrus
1185,diptyque,vetyverioeaudeparfum,rose,mid,floral
1186,diptyque,vetyverioeaudeparfum,vetiver,bot,woody
1187,diptyque,vetyverioeaudeparfum,vetiver,bot,woody
1188,diptyque,vetyverioeaudeparfum,patchouli,bot,woody
1189,diptyque,voluteseaudeparfum,tobacco,bot,green
1190,diptyque,voluteseaudeparfum,iris,bot,floral
1191,diptyque,voluteseaudeparfum,honey,bot,sweets
1192,diptyque,voluteseaudeparfum,indian spices,bot,spicy
1193,diptyque,voluteseaudeparfum,styrax,bot,resins
1194,diptyque,eauduelleeaudeparfum,vanilla,bot,spicy
1195,diptyque,eauduelleeaudeparfum,indian spices,bot,spicy
1196,diptyque,eauduelleeaudeparfum,ambroxan,bot,musk
1197,diptyque,eauduelleeaudeparfum,rose,bot,floral
1198,diptyque,tempoeaudeparfum,patchouli,bot,woody
1199,diptyque,tempoeaudeparfum,mate,bot,green
1200,diptyque,tempoeaudeparfum,clary sage,bot,green
1201,diptyque,tempoeaudeparfum,pink pepper,bot,spicy
1202,diptyque,tempoeaudeparfum,violet leaf,bot,green
1203,diptyque,tempoeaudeparfum,bergamot,bot,citrus
1204,creed,creedcitrusbigarade,lemon,top,citrus
1205,creed,creedcitrusbigarade,petitgrain,top,citrus
1206,creed,creedcitrusbigarade,pepper,mid,spicy
1207,creed,creedcitrusbigarade,lemon,mid,citrus
1208,creed,creedcitrusbigarade,mandarin orange,mid,citrus
1209,creed,creedcitrusbigarade,petitgrain,mid,citrus
1210,creed,creedcitrusbigarade,vetiver,bot,woody
1211,creed,creedcitrusbigarade,ginger,bot,spicy
1212,creed,creedcitrusbigarade,mint,bot,green
1213,creed,creedgreenneroli,mandarin orange,top,citrus
1214,creed,creedgreenneroli,mint,top,green
1215,creed,creedgreenneroli,petitgrain,top,citrus
1216,creed,creedgreenneroli,orange,mid,citrus
1217,creed,creedgreenneroli,orange,mid,citrus
1218,creed,creedgreenneroli,tarragon,mid,green
1219,creed,creedgreenneroli,neroli,mid,citrus
1220,creed,creedgreenneroli,caraway,bot,spicy
1221,creed,creedgreenneroli,rosemary,bot,green
1222,creed,creedgreenneroli,lemon,bot,citrus
1223,creed,creedgreenneroli,mint,bot,green
1224,creed,creedzestemandarine,lemon,top,citrus
1225,creed,creedzestemandarine,orange,top,citrus
1226,creed,creedzestemandarine,petitgrain,top,citrus
1227,creed,creedzestemandarine,lemon,mid,citrus
1228,creed,creedzestemandarine,mandarin orange,mid,citrus
1229,creed,creedzestemandarine,orange blossom,bot,whitefloral
1230,creed,creedzestemandarine,patchouli,bot,woody
1231,creed,creedzestemandarine,petitgrain,bot,citrus
1232,creed,creediristub횋reuse,galbanum,top,green
1233,creed,creediristub횋reuse,violet leaf,top,green
1234,creed,creediristub횋reuse,orange,top,citrus
1235,creed,creediristub횋reuse,tuberose,mid,whitefloral
1236,creed,creediristub횋reuse,ylang-ylang,mid,floral
1237,creed,creediristub횋reuse,lily of the valley leaves,mid,green
1238,creed,creediristub횋reuse,orange blossom,bot,whitefloral
1239,creed,creediristub횋reuse,musk,bot,musk
1240,creed,creediristub횋reuse,orchid,bot,floral
1241,creed,creedvetivergeranium,apple,top,fruity
1242,creed,creedvetivergeranium,bergamot,top,citrus
1243,creed,creedvetivergeranium,lemon,top,citrus
1244,creed,creedvetivergeranium,geranium,mid,floral
1245,creed,creedvetivergeranium,cinnamon,mid,spicy
1246,creed,creedvetivergeranium,rose,mid,floral
1247,creed,creedvetivergeranium,vetiver,bot,woody
1248,creed,creedvetivergeranium,patchouli,bot,woody
1249,creed,creedvetivergeranium,cedar,bot,woody
1250,creed,creedvetivergeranium,musk,bot,musk
1251,creed,creedvetivergeranium,amber,bot,musk
1252,creed,creedaventus,bergamot,top,citrus
1253,creed,creedaventus,black currant leaf,top,green
1254,creed,creedaventus,apple,top,fruity
1255,creed,creedaventus,pineapple,top,fruity
1256,creed,creedaventus,"arbutus (madrona, bearberry tree)",mid,woody
1257,creed,creedaventus,birch,mid,woody
1258,creed,creedaventus,patchouli,mid,woody
1259,creed,creedaventus,jasmine,mid,whitefloral
1260,creed,creedaventus,musk,bot,musk
1261,creed,creedaventus,oakmoss,bot,woody
1262,creed,creedaventus,ambergris,bot,musk
1263,creed,creedaventus,vanilla,bot,spicy
1264,creed,creedaventuscologne,ginger,top,spicy
1265,creed,creedaventuscologne,mandarin orange,top,citrus
1266,creed,creedaventuscologne,rose,top,floral
1267,creed,creedaventuscologne,patchouli,mid,woody
1268,creed,creedaventuscologne,sandalwood,mid,woody
1269,creed,creedaventuscologne,vetiver,mid,woody
1270,creed,creedaventuscologne,styrax,bot,resins
1271,creed,creedaventuscologne,birch,bot,woody
1272,creed,creedaventuscologne,musk,bot,musk
1273,creed,creedaventuscologne,tonka bean,bot,spicy
1274,creed,creedgreenirishtweed,lemon,top,citrus
1275,creed,creedgreenirishtweed,lemon verbena,top,citrus
1276,creed,creedgreenirishtweed,mint,top,green
1277,creed,creedgreenirishtweed,violet leaf,mid,green
1278,creed,creedgreenirishtweed,iris,bot,floral
1279,creed,creedgreenirishtweed,sandalwood,bot,woody
1280,creed,creedgreenirishtweed,ambergris,bot,musk
1281,creed,creedsilvermountainwater,bergamot,top,citrus
1282,creed,creedsilvermountainwater,mandarin orange,top,citrus
1283,creed,creedsilvermountainwater,neroli,top,citrus
1284,creed,creedsilvermountainwater,matcha tea,mid,green
1285,creed,creedsilvermountainwater,black currant,mid,fruity
1286,creed,creedsilvermountainwater,sandalwood,bot,woody
1287,creed,creedsilvermountainwater,musk,bot,musk
1288,creed,creedmill횋simeimp횋rial,bergamot,top,citrus
1289,creed,creedmill횋simeimp횋rial,mandarin orange,top,citrus
1290,creed,creedmill횋simeimp횋rial,lemon,top,citrus
1291,creed,creedmill횋simeimp횋rial,iris,mid,floral
1292,creed,creedmill횋simeimp횋rial,sandalwood,bot,woody
1293,creed,creedmill횋simeimp횋rial,amber,bot,musk
1294,creed,creedmill횋simeimp횋rial,musk,bot,musk
1295,creed,creedaventusforher,apple,top,fruity
1296,creed,creedaventusforher,"arbutus (madrona, bearberry tree)",top,woody
1297,creed,creedaventusforher,patchouli,top,woody
1298,creed,creedaventusforher,bergamot,top,citrus
1299,creed,creedaventusforher,rose,mid,floral
1300,creed,creedaventusforher,sandalwood,mid,woody
1301,creed,creedaventusforher,styrax,mid,resins
1302,creed,creedaventusforher,musk,mid,musk
1303,creed,creedaventusforher,peach,bot,fruity
1304,creed,creedaventusforher,cassia,bot,spicy
1305,creed,creedaventusforher,lilac,bot,floral
1306,creed,creedaventusforher,amber,bot,musk
1307,creed,creedaventusforher,ylang-ylang,bot,floral
1308,creed,creedviking,bergamot,top,citrus
1309,creed,creedviking,lemon,top,citrus
1310,creed,creedviking,rose,top,floral
1311,creed,creedviking,rose,mid,floral
1312,creed,creedviking,rose,mid,floral
1313,creed,creedviking,mint,mid,green
1314,creed,creedviking,sandalwood,bot,woody
1315,creed,creedviking,vetiver,bot,woody
1316,creed,creedviking,patchouli,bot,woody
1317,creed,creedviking,lavender,bot,floral
1318,creed,creedroyaloud,lemon,top,citrus
1319,creed,creedroyaloud,"arbutus (madrona, bearberry tree)",top,woody
1320,creed,creedroyaloud,bergamot,top,citrus
1321,creed,creedroyaloud,cedar,mid,woody
1322,creed,creedroyaloud,galbanum,mid,green
1323,creed,creedroyaloud,angelica,mid,green
1324,creed,creedroyaloud,sandalwood,bot,woody
1325,creed,creedroyaloud,argan tree,bot,woody
1326,creed,creedroyaloud,musk,bot,musk
1327,creed,creedvirginislandwater,bergamot,top,citrus
1328,creed,creedvirginislandwater,lime,top,citrus
1329,creed,creedvirginislandwater,mandarin orange,top,citrus
1330,creed,creedvirginislandwater,hibiscus,mid,floral
1331,creed,creedvirginislandwater,ylang-ylang,mid,floral
1332,creed,creedvirginislandwater,jasmine,mid,whitefloral
1333,creed,creedvirginislandwater,musk,bot,musk
1334,creed,creedvirginislandwater,woody notes,bot,woody
1335,creed,creedoriginalv횋tiver,bergamot,top,citrus
1336,creed,creedoriginalv횋tiver,bitter orange,top,citrus
1337,creed,creedoriginalv횋tiver,mandarin orange,top,citrus
1338,creed,creedoriginalv횋tiver,vetiver,top,woody
1339,creed,creedoriginalv횋tiver,pepper,mid,spicy
1340,creed,creedoriginalv횋tiver,coriander,mid,spicy
1341,creed,creedoriginalv횋tiver,"arbutus (madrona, bearberry tree)",mid,woody
1342,creed,creedoriginalv횋tiver,sandalwood,bot,woody
1343,creed,creedoriginalv횋tiver,vetiver,bot,woody
1344,creed,creedoriginalv횋tiver,ambergris,bot,musk
1345,creed,creedoriginalv횋tiver,musk,bot,musk
1346,creed,creedoriginalsantal,lemon tree,top,citrus
1347,creed,creedoriginalsantal,ginger,top,spicy
1348,creed,creedoriginalsantal,lemon,top,citrus
1349,creed,creedoriginalsantal,lavender,mid,floral
1350,creed,creedoriginalsantal,mint,mid,green
1351,creed,creedoriginalsantal,rosemary,mid,green
1352,creed,creedoriginalsantal,"arbutus (madrona, bearberry tree)",mid,woody
1353,creed,creedoriginalsantal,sandalwood,bot,woody
1354,creed,creedoriginalsantal,cedar,bot,woody
1355,creed,creedoriginalsantal,vanilla,bot,spicy
1356,creed,creedoriginalsantal,benzoin,bot,resins
1357,creed,creedoriginalsantal,ambergris,bot,musk
1358,creed,creedoriginalsantal,musk,bot,musk
1359,creed,creedhimalaya,bergamot,top,citrus
1360,creed,creedhimalaya,grapefruit,top,citrus
1361,creed,creedhimalaya,lemon,top,citrus
1362,creed,creedhimalaya,mandarin orange,top,citrus
1363,creed,creedhimalaya,"arbutus (madrona, bearberry tree)",mid,woody
1364,creed,creedhimalaya,nutmeg,mid,spicy
1365,creed,creedhimalaya,cedar,mid,woody
1366,creed,creedhimalaya,sandalwood,mid,woody
1367,creed,creedhimalaya,vetiver,mid,woody
1368,creed,creedhimalaya,pepper,mid,spicy
1369,creed,creedhimalaya,ambergris,bot,musk
1370,creed,creedhimalaya,musk,bot,musk
1371,creed,creedhimalaya,tonka bean,bot,spicy
1372,creed,creedroyalmayfair,gin,top,beverage
1373,creed,creedroyalmayfair,lime,top,citrus
1374,creed,creedroyalmayfair,pine tree,top,woody
1375,creed,creedroyalmayfair,rose,mid,floral
1376,creed,creedroyalmayfair,orange,bot,citrus
1377,creed,creedroyalmayfair,cedar,bot,woody
1378,creed,creedroyalmayfair,eucalyptus,bot,woody
1379,creed,creedboisduportugal,bergamot,top,citrus
1380,creed,creedboisduportugal,lavender,top,floral
1381,creed,creedboisduportugal,cedar,mid,woody
1382,creed,creedboisduportugal,sandalwood,bot,woody
1383,creed,creedboisduportugal,vetiver,bot,woody
1384,creed,creedboisduportugal,ambergris,bot,musk
1385,creed,creedtabaromemill횋sime,bergamot,top,citrus
1386,creed,creedtabaromemill횋sime,lemon,top,citrus
1387,creed,creedtabaromemill횋sime,mandarin orange,top,citrus
1388,creed,creedtabaromemill횋sime,ginger,top,spicy
1389,creed,creedtabaromemill횋sime,jasmine,mid,whitefloral
1390,creed,creedtabaromemill횋sime,sandalwood,mid,woody
1391,creed,creedtabaromemill횋sime,vetiver,mid,woody
1392,creed,creedtabaromemill횋sime,musk,bot,musk
1393,creed,creedtabaromemill횋sime,tobacco,bot,green
1394,creed,creedtabaromemill횋sime,tea,bot,green
1395,creed,creederolfa,bergamot,top,citrus
1396,creed,creederolfa,lemon,top,citrus
1397,creed,creederolfa,orange,top,citrus
1398,creed,creederolfa,violet,top,floral
1399,creed,creederolfa,cumin,top,spicy
1400,creed,creederolfa,basil,top,green
1401,creed,creederolfa,rosemary,top,green
1402,creed,creederolfa,melon,top,fruity
1403,creed,creederolfa,cyclamen,mid,floral
1404,creed,creederolfa,jasmine,mid,whitefloral
1405,creed,creederolfa,ginger,mid,spicy
1406,creed,creederolfa,coriander,mid,spicy
1407,creed,creederolfa,pepper,mid,spicy
1408,creed,creederolfa,cedar,bot,woody
1409,creed,creederolfa,sandalwood,bot,woody
1410,creed,creederolfa,oakmoss,bot,woody
1411,creed,creederolfa,amber,bot,musk
1412,creed,creederolfa,musk,bot,musk
1413,creed,creedroyalwater,bergamot,top,citrus
1414,creed,creedroyalwater,lemon,top,citrus
1415,creed,creedroyalwater,mandarin orange,top,citrus
1416,creed,creedroyalwater,lemon verbena,top,citrus
1417,creed,creedroyalwater,clementine,top,citrus
1418,creed,creedroyalwater,cumin,mid,spicy
1419,creed,creedroyalwater,basil,mid,green
1420,creed,creedroyalwater,pepper,mid,spicy
1421,creed,creedroyalwater,"arbutus (madrona, bearberry tree)",mid,woody
1422,creed,creedroyalwater,ambergris,bot,musk
1423,creed,creedroyalwater,musk,bot,musk
1424,creed,creedn횋rolisauvage,bergamot,top,citrus
1425,creed,creedn횋rolisauvage,bitter orange,top,citrus
1426,creed,creedn횋rolisauvage,grapefruit,top,citrus
1427,creed,creedn횋rolisauvage,lemon,top,citrus
1428,creed,creedn횋rolisauvage,neroli,top,citrus
1429,creed,creedn횋rolisauvage,lemon verbena,top,citrus
1430,creed,creedn횋rolisauvage,orange blossom,mid,whitefloral
1431,creed,creedn횋rolisauvage,ambergris,bot,musk
1432,creed,creedloveinwhite,orange,top,citrus
1433,creed,creedloveinwhite,iris,mid,floral
1434,creed,creedloveinwhite,narcissus,mid,floral
1435,creed,creedloveinwhite,magnolia,mid,floral
1436,creed,creedloveinwhite,rose,mid,floral
1437,creed,creedloveinwhite,rice,mid,green
1438,creed,creedloveinwhite,vanilla,bot,spicy
1439,creed,creedloveinwhite,ambergris,bot,musk
1440,creed,creedloveinwhite,sandalwood,bot,woody
1441,creed,creedroyalprincessoud,bergamot,top,citrus
1442,creed,creedroyalprincessoud,rose,top,floral
1443,creed,creedroyalprincessoud,violet,top,floral
1444,creed,creedroyalprincessoud,jasmine,mid,whitefloral
1445,creed,creedroyalprincessoud,vanilla,mid,spicy
1446,creed,creedroyalprincessoud,patchouli,mid,woody
1447,creed,creedroyalprincessoud,iris,mid,floral
1448,creed,creedroyalprincessoud,siam,bot,woody
1449,creed,creedroyalprincessoud,sandalwood,bot,woody
1450,creed,creedroyalprincessoud,styrax,bot,resins
1451,creed,creedspringflower,bergamot,top,citrus
1452,creed,creedspringflower,apple,top,fruity
1453,creed,creedspringflower,apricot,top,fruity
1454,creed,creedspringflower,melon,top,fruity
1455,creed,creedspringflower,peach,top,fruity
1456,creed,creedspringflower,jasmine,mid,whitefloral
1457,creed,creedspringflower,rose,mid,floral
1458,creed,creedspringflower,musk,bot,musk
1459,creed,creedacquafiorentina,greengage,top,fruity
1460,creed,creedacquafiorentina,plum,top,fruity
1461,creed,creedacquafiorentina,apple,top,fruity
1462,creed,creedacquafiorentina,rose,mid,floral
1463,creed,creedacquafiorentina,carnation,mid,floral
1464,creed,creedacquafiorentina,bergamot,mid,citrus
1465,creed,creedacquafiorentina,lemon,mid,citrus
1466,creed,creedacquafiorentina,cedar,bot,woody
1467,creed,creedacquafiorentina,sandalwood,bot,woody
1468,creed,creedacquafiorentina,grapefruit,bot,citrus
1469,creed,creedfloralie,rose,top,floral
1470,creed,creedfloralie,tuberose,top,whitefloral
1471,creed,creedfloralie,lilac,top,floral
1472,creed,creedfloralie,marigold,top,green
1473,creed,creedfloralie,amber,mid,musk
1474,creed,creedfloralie,lily of the valley leaves,mid,green
1475,creed,creedfloralie,cedar,mid,woody
1476,creed,creedfloralie,cedar,bot,woody
1477,creed,creedfloralie,amber,bot,musk
1478,creed,creedfloralie,musk,bot,musk
1479,creed,creedfloralie,rose,bot,floral
1480,creed,creedloveinwhiteforsummer,rose,top,floral
1481,creed,creedloveinwhiteforsummer,bergamot,top,citrus
1482,creed,creedloveinwhiteforsummer,magnolia,top,floral
1483,creed,creedloveinwhiteforsummer,iris,mid,floral
1484,creed,creedloveinwhiteforsummer,rice,mid,green
1485,creed,creedloveinwhiteforsummer,cedar,mid,woody
1486,creed,creedloveinwhiteforsummer,ambergris,bot,musk
1487,creed,creedloveinwhiteforsummer,sandalwood,bot,woody
1488,creed,creedloveinwhiteforsummer,apple,bot,fruity
1489,creed,creedloveinwhiteforsummer,jasmine,bot,whitefloral
1490,creed,creedfleurissimo,bergamot,top,citrus
1491,creed,creedfleurissimo,violet leaf,top,green
1492,creed,creedfleurissimo,rose,mid,floral
1493,creed,creedfleurissimo,tuberose,mid,whitefloral
1494,creed,creedfleurissimo,ylang-ylang,mid,floral
1495,creed,creedfleurissimo,iris,bot,floral
1496,creed,creedfleurissimo,ambergris,bot,musk
1497,creed,creedloveinblack,violet,top,floral
1498,creed,creedloveinblack,cedar,top,woody
1499,creed,creedloveinblack,iris,mid,floral
1500,creed,creedloveinblack,cloves,mid,spicy
1501,creed,creedloveinblack,musk,mid,musk
1502,creed,creedloveinblack,violet,bot,floral
1503,creed,creedloveinblack,black currant,bot,fruity
1504,creed,creedloveinblack,rose,bot,floral
1505,creed,creedfleursdegardenia,"arbutus (madrona, bearberry tree)",top,woody
1506,creed,creedfleursdegardenia,black currant,top,fruity
1507,creed,creedfleursdegardenia,galbanum,top,green
1508,creed,creedfleursdegardenia,rose,mid,floral
1509,creed,creedfleursdegardenia,lily of the valley leaves,mid,green
1510,creed,creedfleursdegardenia,jasmine,mid,whitefloral
1511,creed,creedfleursdegardenia,peony,mid,floral
1512,creed,creedfleursdegardenia,gardenia,mid,whitefloral
1513,creed,creedfleursdegardenia,cedar,bot,woody
1514,creed,creedfleursdegardenia,musk,bot,musk
1515,creed,creedfleursdegardenia,patchouli,bot,woody
1516,creed,creedjasminimp횋ratriceeug횋nie,bergamot,top,citrus
1517,creed,creedjasminimp횋ratriceeug횋nie,tangerine,mid,citrus
1518,creed,creedjasminimp횋ratriceeug횋nie,orange,mid,citrus
1519,creed,creedjasminimp횋ratriceeug횋nie,sandalwood,bot,woody
1520,creed,creedjasminimp횋ratriceeug횋nie,ambergris,bot,musk
1521,creed,creedjasminimp횋ratriceeug횋nie,vanilla,bot,spicy
1522,creed,creedjasminimp횋ratriceeug횋nie,neroli,bot,citrus
1523,creed,creedtub횋reuseindiana,bergamot,top,citrus
1524,creed,creedtub횋reuseindiana,tuberose,mid,whitefloral
1525,creed,creedtub횋reuseindiana,vanilla,bot,spicy
1526,creed,creedtub횋reuseindiana,ambergris,bot,musk
1527,creed,creedfantasiadefleurs,bergamot,top,citrus
1528,creed,creedfantasiadefleurs,rose,mid,floral
1529,creed,creedfantasiadefleurs,iris,bot,floral
1530,creed,creedfantasiadefleurs,ambergris,bot,musk
1531,creed,creedangeliqueencens,coriander,top,spicy
1532,creed,creedangeliqueencens,violet,top,floral
1533,creed,creedangeliqueencens,rose,top,floral
1534,creed,creedangeliqueencens,patchouli,mid,woody
1535,creed,creedangeliqueencens,sandalwood,mid,woody
1536,creed,creedangeliqueencens,cinnamon,mid,spicy
1537,creed,creedangeliqueencens,pepper,mid,spicy
1538,creed,creedangeliqueencens,musk,bot,musk
1539,creed,creedangeliqueencens,vetiver,bot,woody
1540,creed,creedangeliqueencens,incense,bot,resins
1541,creed,creedspice&wood,apple,top,fruity
1542,creed,creedspice&wood,bergamot,top,citrus
1543,creed,creedspice&wood,lemon,top,citrus
1544,creed,creedspice&wood,angelica,mid,green
1545,creed,creedspice&wood,"arbutus (madrona, bearberry tree)",mid,woody
1546,creed,creedspice&wood,vetiver,mid,woody
1547,creed,creedspice&wood,patchouli,mid,woody
1548,creed,creedspice&wood,cloves,mid,spicy
1549,creed,creedspice&wood,pimento,mid,spicy
1550,creed,creedspice&wood,birch,mid,woody
1551,creed,creedspice&wood,iris,bot,floral
1552,creed,creedspice&wood,cedar,bot,woody
1553,creed,creedspice&wood,oakmoss,bot,woody
1554,creed,creedspice&wood,musk,bot,musk
1555,creed,creedpurewhitecologne,lemon,top,citrus
1556,creed,creedpurewhitecologne,bergamot,top,citrus
1557,creed,creedpurewhitecologne,grapefruit,top,citrus
1558,creed,creedpurewhitecologne,galbanum,mid,green
1559,creed,creedpurewhitecologne,pear,mid,fruity
1560,creed,creedpurewhitecologne,petitgrain,mid,citrus
1561,creed,creedpurewhitecologne,ambergris,bot,musk
1562,creed,creedpurewhitecologne,musk,bot,musk
1563,creed,creedpurewhitecologne,rice,bot,green
1564,creed,creedjardind'amalfi,mandarin orange,top,citrus
1565,creed,creedjardind'amalfi,bergamot,top,citrus
1566,creed,creedjardind'amalfi,pink pepper,top,spicy
1567,creed,creedjardind'amalfi,petitgrain,top,citrus
1568,creed,creedjardind'amalfi,cedar,mid,woody
1569,creed,creedjardind'amalfi,apple,mid,fruity
1570,creed,creedjardind'amalfi,rose,mid,floral
1571,creed,creedjardind'amalfi,vetiver,bot,woody
1572,creed,creedjardind'amalfi,musk,bot,musk
1573,creed,creedjardind'amalfi,cinnamon,bot,spicy
1574,creed,creedsublimevanille,vanilla,top,spicy
1575,creed,creedsublimevanille,tonka bean,top,spicy
1576,creed,creedsublimevanille,bergamot,mid,citrus
1577,creed,creedsublimevanille,lemon,mid,citrus
1578,creed,creedsublimevanille,musk,bot,musk
1579,creed,creedwhiteflowers,violet leaf,top,green
1580,creed,creedwhiteflowers,apple,top,fruity
1581,creed,creedwhiteflowers,lemon,top,citrus
1582,creed,creedwhiteflowers,jasmine,mid,whitefloral
1583,creed,creedwhiteflowers,geranium,mid,floral
1584,creed,creedwhiteflowers,rose,mid,floral
1585,creed,creedwhiteflowers,musk,bot,musk
1586,creed,creedwhiteflowers,sandalwood,bot,woody
1587,creed,creedwhiteflowers,narcissus,bot,floral
1588,creed,creedwhiteamber,amber,top,musk
1589,creed,creedwhiteamber,vanilla,top,spicy
1590,creed,creedwhiteamber,fruity notes,top,fruity
1591,creed,creedwhiteamber,floral notes,mid,floral
1592,creed,creedwhiteamber,sandalwood,mid,woody
1593,creed,creedwhiteamber,benzoin,mid,resins
1594,creed,creedwhiteamber,floral notes,bot,floral
1595,creed,creedwhiteamber,jasmine,bot,whitefloral
1596,creed,creedwhiteamber,sandalwood,bot,woody
1597,creed,creedwhiteamber,benzoin,bot,resins
