brand,kr_brand,en_name,kr_name,img,category,likes,countingReview,avgStars
"acqua di parma","아쿠아 디 파르마",ambra,암브라,https://catchinichi.s3.ap-northeast-2.amazonaws.com/AMBRA.jpg,1,0,0,0.00
"acqua di parma","아쿠아 디 파르마","arancia di capri","아란치아 디 카프리",https://catchinichi.s3.ap-northeast-2.amazonaws.com/ARANCIA+DI+CAPRI.jpg,1,0,0,0.00
"acqua di parma","아쿠아 디 파르마","bergamotto di calabria","베르가못 디 칼라브리아",https://catchinichi.s3.ap-northeast-2.amazonaws.com/BERGAMOTTO+DI+CALABRIA.jpg,1,0,0,0.00
"acqua di parma","아쿠아 디 파르마","bergamotto di calabria la spugnatura","베르가못 디 칼라브리아 라 스푸그나투라",https://catchinichi.s3.ap-northeast-2.amazonaws.com/BERGAMOTTO+DI+CALABRIA+LA+SPUGNATURA.jpg,1,0,0,0.00
"acqua di parma","아쿠아 디 파르마",camelia,카멜리아,https://catchinichi.s3.ap-northeast-2.amazonaws.com/CAMELIA.jpg,1,0,0,0.00
"acqua di parma","아쿠아 디 파르마","chinotto di liguria","치노또 디 리구리아",https://catchinichi.s3.ap-northeast-2.amazonaws.com/CHINOTTO+DI+LIGURIA.jpg,1,0,0,0.00
"acqua di parma","아쿠아 디 파르마","cipresso di toscana","시프레소 디 토스카나",https://catchinichi.s3.ap-northeast-2.amazonaws.com/CIPRESSO+DI+TOSCANA.jpg,1,0,0,0.00
"acqua di parma","아쿠아 디 파르마",colonia,콜로니아,https://catchinichi.s3.ap-northeast-2.amazonaws.com/Colonia.jpg,1,0,0,0.00
"acqua di parma","아쿠아 디 파르마","colonia club","콜로니아 클럽",https://catchinichi.s3.ap-northeast-2.amazonaws.com/COLONIA+CLUB.jpg,1,0,0,0.00
"acqua di parma","아쿠아 디 파르마","colonia essenza","콜로니아 에센자",https://catchinichi.s3.ap-northeast-2.amazonaws.com/COLONIA+ESSENZA.jpg,1,0,0,0.00
"acqua di parma","아쿠아 디 파르마","colonia futura","콜로니아 푸투라",https://catchinichi.s3.ap-northeast-2.amazonaws.com/COLONIA+FUTURA.jpg,1,0,0,0.00
"acqua di parma","아쿠아 디 파르마","colonia intensa","콜로니아 인센자",https://catchinichi.s3.ap-northeast-2.amazonaws.com/COLONIA+INTENSA.jpg,1,0,0,0.00
"acqua di parma","아쿠아 디 파르마","colonia pura","콜로니아 퓨라",https://catchinichi.s3.ap-northeast-2.amazonaws.com/COLONIA+PURA.jpg,1,0,0,0.00
"acqua di parma","아쿠아 디 파르마","fico di amalfi","피코 디 아말피",https://catchinichi.s3.ap-northeast-2.amazonaws.com/FICO+DI+AMALFI.jpg,1,0,0,0.00
"acqua di parma","아쿠아 디 파르마",leather,레더,https://catchinichi.s3.ap-northeast-2.amazonaws.com/LEATHER.jpg,1,0,0,0.00
"acqua di parma","아쿠아 디 파르마","magnolia nobile","메그놀리아 노빌레",https://catchinichi.s3.ap-northeast-2.amazonaws.com/MAGNOLIA+NOBILE.jpg,1,0,0,0.00
"acqua di parma","아쿠아 디 파르마","mandorlo di sicilia","만도를로 디 시칠리아",https://catchinichi.s3.ap-northeast-2.amazonaws.com/MANDORLO+DI+SICILIA.jpg,1,0,0,0.00
"acqua di parma","아쿠아 디 파르마","mirto di panarea","미르토 디 파나레아",https://catchinichi.s3.ap-northeast-2.amazonaws.com/MIRTO+DI+PANAREA.jpg,1,0,0,0.00
"acqua di parma","아쿠아 디 파르마","note di colonia i","노트 디 콜로니아 1",https://catchinichi.s3.ap-northeast-2.amazonaws.com/NOTE+DI+COLONIA+I.jpg,1,0,0,0.00
"acqua di parma","아쿠아 디 파르마","note di colonia ii","노트 디 콜로니아 2",https://catchinichi.s3.ap-northeast-2.amazonaws.com/NOTE+DI+COLONIA+II.jpg,1,0,0,0.00
"acqua di parma","아쿠아 디 파르마","note di colonia iii","노트 디 콜로니아 3",https://catchinichi.s3.ap-northeast-2.amazonaws.com/NOTE+DI+COLONIA+III.jpg,1,0,0,0.00
"acqua di parma","아쿠아 디 파르마","note di colonia iv","노트 디 콜로니아 4",https://catchinichi.s3.ap-northeast-2.amazonaws.com/NOTE+DI+COLONIA+IV.jpg,1,0,0,0.00
"acqua di parma","아쿠아 디 파르마","note di colonia v","노트 디 콜로니아 5",https://catchinichi.s3.ap-northeast-2.amazonaws.com/NOTE+DI+COLONIA+V.jpg,1,0,0,0.00
"acqua di parma","아쿠아 디 파르마",osmanthus,오스만투스,https://catchinichi.s3.ap-northeast-2.amazonaws.com/OSMANTHUS.jpg,1,0,0,0.00
"acqua di parma","아쿠아 디 파르마",oud,오우드,https://catchinichi.s3.ap-northeast-2.amazonaws.com/OUD.jpg,1,0,0,0.00
"acqua di parma","아쿠아 디 파르마","peonia nobile","피오니아 노빌레",https://catchinichi.s3.ap-northeast-2.amazonaws.com/PEONIA+NOBILE.jpg,1,0,0,0.00
"acqua di parma","아쿠아 디 파르마",quercia,퀘르시아,https://catchinichi.s3.ap-northeast-2.amazonaws.com/QUERCIA.jpg,1,0,0,0.00
"acqua di parma","아쿠아 디 파르마","rosa nobile","로사 노빌레",https://catchinichi.s3.ap-northeast-2.amazonaws.com/ROSA+NOBILE.jpg,1,0,0,0.00
"acqua di parma","아쿠아 디 파르마",sakura,사쿠라,https://catchinichi.s3.ap-northeast-2.amazonaws.com/SAKURA.jpg,1,0,0,0.00
"acqua di parma","아쿠아 디 파르마",sandalo,산달로,https://catchinichi.s3.ap-northeast-2.amazonaws.com/SANDALO.jpg,1,0,0,0.00
"acqua di parma","아쿠아 디 파르마",vaniglia,바니글리아,https://catchinichi.s3.ap-northeast-2.amazonaws.com/VANIGLIA+.jpg,1,0,0,0.00
"acqua di parma","아쿠아 디 파르마",yuzu,유자,https://catchinichi.s3.ap-northeast-2.amazonaws.com/YUZU.jpg,1,0,0,0.00
byredo,바이레도,1996,1996,https://catchinichi.s3.ap-northeast-2.amazonaws.com/1996.jpg,1,0,0,0.00
byredo,바이레도,"accord oud","어코드 우드",https://catchinichi.s3.ap-northeast-2.amazonaws.com/Accord+Oud.jpg,1,0,0,0.00
byredo,바이레도,"bal d'afrique","발 다프리크",https://catchinichi.s3.ap-northeast-2.amazonaws.com/Bal+d'Afrique.jpg,1,0,0,0.00
byredo,바이레도,bibliothèque,"비블리 오티크",https://catchinichi.s3.ap-northeast-2.amazonaws.com/Bibliothe%CC%80que.jpg,1,0,0,0.00
byredo,바이레도,"black saffron","블랙 샤프란",https://catchinichi.s3.ap-northeast-2.amazonaws.com/Black+Saffron.jpg,1,0,0,0.00
byredo,바이레도,blanche,블랑쉬,https://catchinichi.s3.ap-northeast-2.amazonaws.com/Blanche.jpg,1,0,9,3.66
byredo,바이레도,"casablanca lily","카사블랑카 릴리",https://catchinichi.s3.ap-northeast-2.amazonaws.com/Casablanca+Lily.jpg,1,0,0,0.00
byredo,바이레도,"eleventh hour","일레븐스 아워",https://catchinichi.s3.ap-northeast-2.amazonaws.com/Eleventh+Hour.jpg,1,0,0,0.00
byredo,바이레도,flowerhead,플라워헤드,https://catchinichi.s3.ap-northeast-2.amazonaws.com/Flowerhead.jpg,1,0,1,3.00
byredo,바이레도,"gypsy water","집시 워터",https://catchinichi.s3.ap-northeast-2.amazonaws.com/Gypsy+Water.jpg,1,0,3,4.33
byredo,바이레도,inflorescence,인플로레센스,https://catchinichi.s3.ap-northeast-2.amazonaws.com/Inflorescence.jpg,1,0,1,3.00
byredo,바이레도,"la tulipe","라 튤립",https://catchinichi.s3.ap-northeast-2.amazonaws.com/La+Tulipe.jpg,1,0,2,3.00
byredo,바이레도,"lil fleur","릴 플로어",https://catchinichi.s3.ap-northeast-2.amazonaws.com/Lil+Fleur.jpg,1,0,0,0.00
byredo,바이레도,m/mink,엠/밍크,https://catchinichi.s3.ap-northeast-2.amazonaws.com/M%3AMink.jpg,1,0,0,0.00
byredo,바이레도,"mister marvelous","미스터 마블러스",https://catchinichi.s3.ap-northeast-2.amazonaws.com/Mister+Marvelous.jpg,1,0,0,0.00
byredo,바이레도,"mixed emotions","믹스드 이모션",https://catchinichi.s3.ap-northeast-2.amazonaws.com/Mixed+Emotions.jpg,1,0,0,0.00
byredo,바이레도,"mojave ghost","모하비 고스트",https://catchinichi.s3.ap-northeast-2.amazonaws.com/Mojave+Ghost.jpg,1,0,2,3.50
byredo,바이레도,"oud immortel","오우드 이모르텔",https://catchinichi.s3.ap-northeast-2.amazonaws.com/Oud+Immortel.jpg,1,0,0,0.00
byredo,바이레도,palermo,팔레르모,https://catchinichi.s3.ap-northeast-2.amazonaws.com/Palermo.jpg,1,0,0,0.00
byredo,바이레도,pulp,펄프,https://catchinichi.s3.ap-northeast-2.amazonaws.com/Pulp.jpg,1,0,0,0.00
byredo,바이레도,"reine de nuit","렌 드 뉘",https://catchinichi.s3.ap-northeast-2.amazonaws.com/Reine+de+Nuit.jpg,1,0,0,0.00
byredo,바이레도,"rose noir","로즈 느와",https://catchinichi.s3.ap-northeast-2.amazonaws.com/Rose+Noir.jpg,1,0,1,4.00
byredo,바이레도,"rose of no man's land","로즈 오브 노 맨즈 랜드",https://catchinichi.s3.ap-northeast-2.amazonaws.com/Rose+Of+No+Man's+Land.jpg,1,0,1,5.00
byredo,바이레도,sellier,셀리에,https://catchinichi.s3.ap-northeast-2.amazonaws.com/Sellier.jpg,1,0,0,0.00
byredo,바이레도,"slow dance","슬로우 댄스",https://catchinichi.s3.ap-northeast-2.amazonaws.com/Slow+Dance.jpg,1,0,1,3.00
byredo,바이레도,"sunday cologne","선데이 코롱",https://catchinichi.s3.ap-northeast-2.amazonaws.com/Sunday+Cologne.jpg,1,0,0,0.00
byredo,바이레도,sundazed,선데이즈드,https://catchinichi.s3.ap-northeast-2.amazonaws.com/Sundazed.jpg,1,0,0,0.00
byredo,바이레도,"super cedar",슈퍼시더,https://catchinichi.s3.ap-northeast-2.amazonaws.com/Super+Cedar.jpg,1,0,0,0.00
byredo,바이레도,"tobacco mandarin","토바코 만다린",https://catchinichi.s3.ap-northeast-2.amazonaws.com/Tobacco+Mandarin.jpg,1,0,0,0.00
byredo,바이레도,unnamed,언네임드,https://catchinichi.s3.ap-northeast-2.amazonaws.com/Unnamed.jpg,1,0,0,0.00
byredo,바이레도,"velvet haze","벨벳 헤이즈",https://catchinichi.s3.ap-northeast-2.amazonaws.com/Velvet+Haze.jpg,1,0,0,0.00
creed,크리드,"creed acqua fiorentina","아쿠아 피오렌티나",https://catchinichi.s3.ap-northeast-2.amazonaws.com/CREED+ACQUA+FIORENTINA.jpg,1,0,1,4.00
creed,크리드,"creed angelique encens","엔젤리크 인센스",https://catchinichi.s3.ap-northeast-2.amazonaws.com/CREED+ANGELIQUE+ENCENS.jpg,1,0,0,0.00
creed,크리드,"creed aventus",어벤투스,https://catchinichi.s3.ap-northeast-2.amazonaws.com/CREED+AVENTUS.jpg,1,0,0,0.00
creed,크리드,"creed aventus cologne","어벤투스 코롱",https://catchinichi.s3.ap-northeast-2.amazonaws.com/CREED+AVENTUS+COLOGNE.jpg,1,0,0,0.00
creed,크리드,"creed aventus for her","어벤투스 포 허",https://catchinichi.s3.ap-northeast-2.amazonaws.com/CREED+AVENTUS+FOR+HER.jpg,1,0,1,2.00
creed,크리드,"creed bois du portugal","보리스 두 포르투갈",https://catchinichi.s3.ap-northeast-2.amazonaws.com/CREED+BOIS+DU+PORTUGAL.jpg,1,0,0,0.00
creed,크리드,"creed citrus bigarade","시트러스 비가라데",https://catchinichi.s3.ap-northeast-2.amazonaws.com/CREED+CITRUS+BIGARADE.jpg,1,0,0,0.00
creed,크리드,"creed erolfa",에롤파,https://catchinichi.s3.ap-northeast-2.amazonaws.com/CREED+EROLFA.jpg,1,0,0,0.00
creed,크리드,"creed fantasia de fleurs","팡타지아 드 플뢰르",https://catchinichi.s3.ap-northeast-2.amazonaws.com/CREED+FANTASIA+DE+FLEURS.jpg,1,0,0,0.00
creed,크리드,"creed fleurissimo",플뢰리시모,https://catchinichi.s3.ap-northeast-2.amazonaws.com/CREED+FLEURISSIMO.jpg,1,0,0,0.00
creed,크리드,"creed fleurs de gardenia","플뢰르 드 가드니아",https://catchinichi.s3.ap-northeast-2.amazonaws.com/CREED+FLEURS+DE+GARDENIA.jpg,1,0,0,0.00
creed,크리드,"creed floralie",플로랄리,https://catchinichi.s3.ap-northeast-2.amazonaws.com/CREED+FLORALIE.jpg,1,0,0,0.00
creed,크리드,"creed green irish tweed","그린 아이리시 트위드",https://catchinichi.s3.ap-northeast-2.amazonaws.com/CREED+GREEN+IRISH+TWEED.jpg,1,0,0,0.00
creed,크리드,"creed green neroli","그린 네롤리",https://catchinichi.s3.ap-northeast-2.amazonaws.com/CREED+GREEN+NEROLI.jpg,1,0,1,4.00
creed,크리드,"creed himalaya",히말라야,https://catchinichi.s3.ap-northeast-2.amazonaws.com/CREED+HIMALAYA.jpg,1,0,0,0.00
creed,크리드,"creed iris tubéreuse","아이리스 튜베로즈",https://catchinichi.s3.ap-northeast-2.amazonaws.com/CREED+IRIS+TUBE%CC%81REUSE.jpg,1,0,0,0.00
creed,크리드,"creed jardin d'amalfi","자르딘 다말피",https://catchinichi.s3.ap-northeast-2.amazonaws.com/CREED+JARDIN+D'AMALFI.jpg,1,0,0,0.00
creed,크리드,"creed jasmin impératrice eugénie","쟈스민 엥뻬하트히스 유제니",https://catchinichi.s3.ap-northeast-2.amazonaws.com/CREED+JASMIN+IMPE%CC%81RATRICE+EUGE%CC%81NIE.jpg,1,0,0,0.00
creed,크리드,"creed love in black","러브 인 블랙",https://catchinichi.s3.ap-northeast-2.amazonaws.com/CREED+LOVE+IN+BLACK.jpg,1,0,0,0.00
creed,크리드,"creed love in white","러브 인 화이트",https://catchinichi.s3.ap-northeast-2.amazonaws.com/CREED+LOVE+IN+WHITE.jpg,1,0,0,0.00
creed,크리드,"creed love in white for summer","러브 인 화이트 포 써머",https://catchinichi.s3.ap-northeast-2.amazonaws.com/CREED+LOVE+IN+WHITE+FOR+SUMMER.jpg,1,0,0,0.00
creed,크리드,"creed millésime impérial","밀레짐 임페리얼",https://catchinichi.s3.ap-northeast-2.amazonaws.com/CREED+MILLE%CC%81SIME+IMPE%CC%81RIAL.jpg,1,0,1,5.00
creed,크리드,"creed néroli sauvage","네롤리 소바쥬",https://catchinichi.s3.ap-northeast-2.amazonaws.com/CREED+NE%CC%81ROLI+SAUVAGE.jpg,1,0,0,0.00
creed,크리드,"creed original santal","오리지널 상탈",https://catchinichi.s3.ap-northeast-2.amazonaws.com/CREED+ORIGINAL+SANTAL.jpg,1,0,0,0.00
creed,크리드,"creed original vétiver","오리지널 베티버",https://catchinichi.s3.ap-northeast-2.amazonaws.com/CREED+ORIGINAL+VE%CC%81TIVER.jpg,1,0,1,5.00
creed,크리드,"creed pure white cologne","퓨어 화이트 코롱",https://catchinichi.s3.ap-northeast-2.amazonaws.com/CREED+PURE+WHITE+COLOGNE.jpg,1,0,0,0.00
creed,크리드,"creed royal mayfair","로얄 메이페어",https://catchinichi.s3.ap-northeast-2.amazonaws.com/CREED+ROYAL+MAYFAIR.jpg,1,0,0,0.00
creed,크리드,"creed royal oud","로얄 오우드",https://catchinichi.s3.ap-northeast-2.amazonaws.com/CREED+ROYAL+OUD.jpg,1,0,0,0.00
creed,크리드,"creed royal princess oud","로얄 프린세스 오우드",https://catchinichi.s3.ap-northeast-2.amazonaws.com/CREED+ROYAL+PRINCESS+OUD.jpg,1,0,0,0.00
creed,크리드,"creed royal water","로얄 워터",https://catchinichi.s3.ap-northeast-2.amazonaws.com/CREED+ROYAL+WATER.jpg,1,0,1,5.00
creed,크리드,"creed silver mountain water","실버 마운틴 워터",https://catchinichi.s3.ap-northeast-2.amazonaws.com/CREED+SILVER+MOUNTAIN+WATER.jpg,1,0,0,0.00
creed,크리드,"creed spice & wood","스파이스 앤 우드",https://catchinichi.s3.ap-northeast-2.amazonaws.com/CREED+SPICE+%26+WOOD.jpg,1,0,0,0.00
creed,크리드,"creed spring flower","스프링 플라워",https://catchinichi.s3.ap-northeast-2.amazonaws.com/CREED+SPRING+FLOWER.jpg,1,0,0,0.00
creed,크리드,"creed sublime vanille","수불림 바닐라",https://catchinichi.s3.ap-northeast-2.amazonaws.com/CREED+SUBLIME+VANILLE.jpg,1,0,0,0.00
creed,크리드,"creed tabarome millésime","타바로메 밀레시메",https://catchinichi.s3.ap-northeast-2.amazonaws.com/CREED+TABAROME+MILLE%CC%81SIME.jpg,1,0,0,0.00
creed,크리드,"creed tubéreuse indiana","투베레우스 인디애나",https://catchinichi.s3.ap-northeast-2.amazonaws.com/CREED+TUBE%CC%81REUSE+INDIANA.jpg,1,0,0,0.00
creed,크리드,"creed vetiver geranium","베티버 제라늄",https://catchinichi.s3.ap-northeast-2.amazonaws.com/CREED+VETIVER+GERANIUM.jpg,1,0,0,0.00
creed,크리드,"creed viking",바이킹,https://catchinichi.s3.ap-northeast-2.amazonaws.com/CREED+VIKING.jpg,1,0,0,0.00
creed,크리드,"creed virgin island water","버진 아일랜드 워터",https://catchinichi.s3.ap-northeast-2.amazonaws.com/CREED+VIRGIN+ISLAND+WATER.jpg,1,0,0,0.00
creed,크리드,"creed white amber","화이트 앰버",https://catchinichi.s3.ap-northeast-2.amazonaws.com/CREED+WHITE+AMBER.jpg,1,0,0,0.00
creed,크리드,"creed white flowers","화이트 플라워",https://catchinichi.s3.ap-northeast-2.amazonaws.com/CREED+WHITE+FLOWERS.jpg,1,0,0,0.00
creed,크리드,"creed zeste mandarine","제스트 만다린",https://catchinichi.s3.ap-northeast-2.amazonaws.com/CREED+ZESTE+MANDARINE.jpg,1,0,0,0.00
diptyque,딥티크,"do son eau de parfum","도손 오 드 퍼퓸",https://catchinichi.s3.ap-northeast-2.amazonaws.com/dosonparfum.jpg,1,0,3,3.67
diptyque,딥티크,"do son eau de toilette",도손,https://catchinichi.s3.ap-northeast-2.amazonaws.com/dosontoillete.jpg,1,0,9,3.33
diptyque,딥티크,"eau capitale eau de parfum","오 카피탈 오 드 퍼퓸",https://catchinichi.s3.ap-northeast-2.amazonaws.com/eaucapitale.jpg,1,0,1,5.00
diptyque,딥티크,"eau de lierre eau de toilette","오 드 리에",https://catchinichi.s3.ap-northeast-2.amazonaws.com/eaudelieeretoillete.jpg,1,0,0,0.00
diptyque,딥티크,"eau de minthé eau de parfum","오 드 민떼",https://catchinichi.s3.ap-northeast-2.amazonaws.com/eaudeminthe.jpg,1,0,1,5.00
diptyque,딥티크,"eau des sens eau de toilette","오 데 썽",https://catchinichi.s3.ap-northeast-2.amazonaws.com/eaudesens.jpeg,1,0,4,4.25
diptyque,딥티크,"eau duelle eau de parfum","오 듀엘르 오 드 퍼퓸",https://catchinichi.s3.ap-northeast-2.amazonaws.com/eauduelle.jpg,1,0,0,0.00
diptyque,딥티크,"eau duelle eau de toilette","오 듀엘르",https://catchinichi.s3.ap-northeast-2.amazonaws.com/eauduelletoillete.jpg,1,0,1,5.00
diptyque,딥티크,"eau lente eau de toilette","오 런트",https://catchinichi.s3.ap-northeast-2.amazonaws.com/eaulent.jpg,1,0,0,0.00
diptyque,딥티크,"eau moheli eau de toilette","오 모헬리",https://catchinichi.s3.ap-northeast-2.amazonaws.com/eaumoheli.jpg,1,0,1,5.00
diptyque,딥티크,"eau rose eau de toilette","오 로즈",https://catchinichi.s3.ap-northeast-2.amazonaws.com/eaurose.jpg,1,0,2,4.00
diptyque,딥티크,"fleur de peau eau de parfum","플레르 드 뽀",https://catchinichi.s3.ap-northeast-2.amazonaws.com/+FLEUR+DE+PEAU+EAU+DE+PARFUM+.jpg,1,0,0,0.00
diptyque,딥티크,"florabellio eau de toilette",플로라벨리오,https://catchinichi.s3.ap-northeast-2.amazonaws.com/+FLORABELLIO+EAU+DE+TOILETTE+.jpg,1,0,0,0.00
diptyque,딥티크,"geranium odorata eau de toilette","제라늄 오 드 라타",https://catchinichi.s3.ap-northeast-2.amazonaws.com/+GERANIUM+ODORATA+EAU+DE+TOILETTE+.jpg,1,0,1,5.00
diptyque,딥티크,"l'autre eau de toilette",로트르,https://catchinichi.s3.ap-northeast-2.amazonaws.com/L'AUTRE.jpeg,1,0,0,0.00
diptyque,딥티크,"l'eau de néroli eau de toilette","로 드 네롤리",https://catchinichi.s3.ap-northeast-2.amazonaws.com/+L'EAU+DE+NE%CC%81ROLI.jpg,1,0,0,0.00
diptyque,딥티크,"l'eau des hespérides","로 데 헤스페리데스",https://catchinichi.s3.ap-northeast-2.amazonaws.com/L'EAU+DES+HESPE%CC%81RIDES.jpg,1,0,0,0.00
diptyque,딥티크,"l'eau eau de toilette",로,https://catchinichi.s3.ap-northeast-2.amazonaws.com/L'EAU+EAU+DE+TOILETTE.jpg,1,0,0,0.00
diptyque,딥티크,"l'eau trois eau de toilette","로 트루와",https://catchinichi.s3.ap-northeast-2.amazonaws.com/+L'EAU+TROIS+EAU+DE+TOILETTE.jpg,1,0,0,0.00
diptyque,딥티크,"l'ombre dans l'eau eau de toilette",롬브르란도,https://catchinichi.s3.ap-northeast-2.amazonaws.com/+L'OMBRE+DANS+L'EAU+EAU+DE+TOILETTE.jpg,1,0,4,4.25
diptyque,딥티크,"l’ombre dans l’eau eau de parfum","롬브르단로 오 드 퍼퓸",https://catchinichi.s3.ap-northeast-2.amazonaws.com/+L%E2%80%99OMBRE+DANS+L%E2%80%99EAU+EAU+DE+PARFUM.jpg,1,0,0,0.00
diptyque,딥티크,"ofrésia eau de toilette",오프레시아,https://catchinichi.s3.ap-northeast-2.amazonaws.com/+OFRE%CC%81SIA+EAU+DE+TOILETTE.jpg,1,0,1,4.00
diptyque,딥티크,"olene eau de toilette",올렌느,https://catchinichi.s3.ap-northeast-2.amazonaws.com/+OLENE+EAU+DE+TOILETTE.jpg,1,0,0,0.00
diptyque,딥티크,"oud palao eau de parfum","오드 팔라오 오 드 퍼퓸",https://catchinichi.s3.ap-northeast-2.amazonaws.com/+OUD+PALAO+EAU+DE+PARFUM.jpg,1,0,0,0.00
diptyque,딥티크,"oyédo eau de toilette",오에도,https://catchinichi.s3.ap-northeast-2.amazonaws.com/+OYE%CC%81DO+EAU+DE+TOILETTE.jpg,1,0,0,0.00
diptyque,딥티크,"philosykos eau de parfum","필로시코스 오 드 퍼퓸",https://catchinichi.s3.ap-northeast-2.amazonaws.com/+PHILOSYKOS+EAU+DE+PARFUM.jpg,1,0,0,0.00
diptyque,딥티크,"philosykos eau de toilette",필로시코스,https://catchinichi.s3.ap-northeast-2.amazonaws.com/+PHILOSYKOS+EAU+DE+TOILETTE.jpg,1,0,1,3.00
diptyque,딥티크,"tam dao eau de parfum","탐다오 오 드 퍼퓸",https://catchinichi.s3.ap-northeast-2.amazonaws.com/+TAM+DAO+EAU+DE+TOILETTE.jpg,1,0,3,3.33
diptyque,딥티크,"tam dao eau de toilette",탐다오,https://catchinichi.s3.ap-northeast-2.amazonaws.com/+TAM+DAO+EAU+DE+PARFUM.jpg,1,0,6,3.83
diptyque,딥티크,"tempo eau de parfum","템포 오 드 퍼퓸",https://catchinichi.s3.ap-northeast-2.amazonaws.com/+TEMPO+EAU+DE+PARFUM.jpg,1,0,0,0.00
diptyque,딥티크,"vetyverio eau de parfum","베티베리오 오 드 퍼퓸",https://catchinichi.s3.ap-northeast-2.amazonaws.com/+VETYVERIO+EAU+DE+PARFUM.jpg,1,0,1,3.00
diptyque,딥티크,"vetyverio eau de toilette",베티베리오,https://catchinichi.s3.ap-northeast-2.amazonaws.com/+VETYVERIO+EAU+DE+TOILETTE.jpg,1,0,2,4.50
diptyque,딥티크,"volutes eau de parfum","볼류트 오 드 퍼퓸",https://catchinichi.s3.ap-northeast-2.amazonaws.com/+VOLUTES+EAU+DE+PARFUM.jpg,1,0,1,5.00
jomalone,조말론,154,154,https://catchinichi.s3.ap-northeast-2.amazonaws.com/154.jpg,1,0,0,0.00
jomalone,조말론,"amber & lavender","앰버 앤 라벤더",https://catchinichi.s3.ap-northeast-2.amazonaws.com/amber.jpg,1,2,0,0.00
jomalone,조말론,"basil & neroli","바질 앤 네롤리",https://catchinichi.s3.ap-northeast-2.amazonaws.com/basil.jpg,1,0,0,0.00
jomalone,조말론,"blackberry & bay","블랙베리 앤 베이",https://catchinichi.s3.ap-northeast-2.amazonaws.com/blackberry.jpg,1,0,10,3.80
jomalone,조말론,"dark amber & ginger lily","다크엠버 앤 진저 릴리",https://catchinichi.s3.ap-northeast-2.amazonaws.com/darkamber.jpg,1,0,0,0.00
jomalone,조말론,"earlgrey & cucumber","얼그레이 앤 큐컴버",https://catchinichi.s3.ap-northeast-2.amazonaws.com/earlgrey.jpg,1,0,1,3.00
jomalone,조말론,"english oak & hazelnut","잉글리쉬 오크 앤 헤이즐넛",https://catchinichi.s3.ap-northeast-2.amazonaws.com/englishoakandhazelnut.jpg,1,0,0,0.00
jomalone,조말론,"english pear & freesia","잉글리쉬 페어 앤 프리지아",https://catchinichi.s3.ap-northeast-2.amazonaws.com/+English+Pear+%26+Fressia+.jpg,1,0,9,4.56
jomalone,조말론,grapefruit,그레이프푸르트,https://catchinichi.s3.ap-northeast-2.amazonaws.com/+Grapefruit+.jpg,1,0,1,4.00
jomalone,조말론,"honeysuckle & davana","허니서클 앤 다바나",https://catchinichi.s3.ap-northeast-2.amazonaws.com/+Honeysuckle+%26+Davana+.jpg,1,0,0,0.00
jomalone,조말론,ily-of-the-valley,"릴리 오브 더 밸리",,1,0,0,0.00
jomalone,조말론,"lime basil & mandarin","라임 바질 앤 만다린",https://catchinichi.s3.ap-northeast-2.amazonaws.com/+Lime+Basil+%26+Mandarin.jpg,1,0,3,5.00
jomalone,조말론,"mayrrh & tonka","머르 앤 통카",https://catchinichi.s3.ap-northeast-2.amazonaws.com/+Mayrrh+%26+Tonka.jpg,1,0,0,0.00
jomalone,조말론,"mimosa & cardamom","미모사 앤 카다멈",https://catchinichi.s3.ap-northeast-2.amazonaws.com/+Mimosa+%26+Cardamom.jpg,1,0,0,0.00
jomalone,조말론,"nectarine blossom & honey","넥타린 블로썸 앤 허니",https://catchinichi.s3.ap-northeast-2.amazonaws.com/+Nectarine+Blossom+%26+Honey.jpg,1,0,2,4.00
jomalone,조말론,"orange blossom","오렌지 블로썸",https://catchinichi.s3.ap-northeast-2.amazonaws.com/+Orange+Blossom.jpg,1,0,0,0.00
jomalone,조말론,"oud & bergamot","오드 앤 베르가못",https://catchinichi.s3.ap-northeast-2.amazonaws.com/+Oud+%26+Bergamot.jpg,1,0,0,0.00
jomalone,조말론,"peony & blushsuede","피오니 앤 블러쉬 스웨이드",https://catchinichi.s3.ap-northeast-2.amazonaws.com/Peony+%26+Blushsuede.jpg,1,0,4,4.00
jomalone,조말론,"pomegranate noir","포머그래니트 누와",https://catchinichi.s3.ap-northeast-2.amazonaws.com/+Pomegranate+Noir.jpg,1,0,0,0.00
jomalone,조말론,"poppy & barley","포피 앤 바알리",https://catchinichi.s3.ap-northeast-2.amazonaws.com/+Poppy+%26+Barley.jpg,1,0,0,0.00
jomalone,조말론,"red roses","레드 로즈",https://catchinichi.s3.ap-northeast-2.amazonaws.com/+Red+Roses.jpg,1,0,2,3.50
jomalone,조말론,"tuberose angelica","튜버로즈 안젤리카",https://catchinichi.s3.ap-northeast-2.amazonaws.com/+Tuberose+Angelica.jpg,1,0,0,0.00
jomalone,조말론,"velvet rose & oud","벨벳 로즈 앤 오우드",https://catchinichi.s3.ap-northeast-2.amazonaws.com/+Velvet+Rose+%26+Oud.jpg,1,0,0,0.00
jomalone,조말론,"vetiver & golden vanilla","베티버 앤 골든 바닐라",https://catchinichi.s3.ap-northeast-2.amazonaws.com/+Vetiver+%26+Golden+Vanilla.jpg,1,0,0,0.00
jomalone,조말론,"wild bluebell","와일드 블루벨",https://catchinichi.s3.ap-northeast-2.amazonaws.com/+Wild+Bluebell.jpg,1,0,2,5.00
jomalone,조말론,"wood sage & sea salt","우드 세이지 앤 씨솔트",https://catchinichi.s3.ap-northeast-2.amazonaws.com/+Wood+Sage+%26+Sea+Salt.jpg,1,0,10,4.31
"maison margiela","메종 마르지엘라","replica at the barber's","레플리카 앳 더 바버스",https://catchinichi.s3.ap-northeast-2.amazonaws.com/REPLICA+At+The+Barber's.jpg,1,0,0,0.00
"maison margiela","메종 마르지엘라","replica beach walk","레플리카 비치 워크",https://catchinichi.s3.ap-northeast-2.amazonaws.com/REPLICA+Beach+Walk.jpg,1,0,0,0.00
"maison margiela","메종 마르지엘라","replica bubble bath","레플리카 버블 바스",https://catchinichi.s3.ap-northeast-2.amazonaws.com/REPLICA+Bubble+Bath.jpg,1,0,0,0.00
"maison margiela","메종 마르지엘라","replica by the fireplace","레플리카 바이 더 파이어플레이스",https://catchinichi.s3.ap-northeast-2.amazonaws.com/REPLICA+By+The+Fireplace.jpg,1,0,0,0.00
"maison margiela","메종 마르지엘라","replica coffee break","레플리카 커피 브레이크",https://catchinichi.s3.ap-northeast-2.amazonaws.com/REPLICA+Coffee+Break.jpg,1,0,0,0.00
"maison margiela","메종 마르지엘라","replica flower market","레플리카 플라워 마켓",https://catchinichi.s3.ap-northeast-2.amazonaws.com/REPLICA+Flower+Market.jpg,1,0,1,5.00
"maison margiela","메종 마르지엘라","replica jazz club","레플리카 재즈 클럽",https://catchinichi.s3.ap-northeast-2.amazonaws.com/REPLICA+Jazz+Club.jpg,1,0,0,0.00
"maison margiela","메종 마르지엘라","replica lazy sunday morning","레플리카 레이지 선데이 모닝",https://catchinichi.s3.ap-northeast-2.amazonaws.com/REPLICA+Lazy+Sunday+Morning.jpg,1,0,1,4.00
"maison margiela","메종 마르지엘라","replica matcha meditation","레플리카 마차 메디테이션",https://catchinichi.s3.ap-northeast-2.amazonaws.com/REPLICA+Matcha+Meditation.jpg,1,0,0,0.00
"maison margiela","메종 마르지엘라","replica music festival","레플리카 뮤직 페스티벌",https://catchinichi.s3.ap-northeast-2.amazonaws.com/REPLICA+Music+Festival.jpg,1,0,0,0.00
"maison margiela","메종 마르지엘라","replica sailing day","레플리카 세일링 데이",https://catchinichi.s3.ap-northeast-2.amazonaws.com/REPLICA+Sailing+Day.jpg,1,0,0,0.00
"maison margiela","메종 마르지엘라","replica springtime in a park","레플리카 스프링타임 인 어 파크",https://catchinichi.s3.ap-northeast-2.amazonaws.com/REPLICA+Springtime+in+a+Park.jpg,1,0,0,0.00
"maison margiela","메종 마르지엘라","replica under the lemon trees","레플리카 언더 더 레몬트리",https://catchinichi.s3.ap-northeast-2.amazonaws.com/REPLICA+Under+the+Lemon+Trees.jpg,1,0,0,0.00
"maison margiela","메종 마르지엘라","replica whispers in the library","레플리카 위스퍼 인 더 라이브러리",https://catchinichi.s3.ap-northeast-2.amazonaws.com/REPLICA+Whispers+in+the+Library.jpg,1,0,0,0.00
"santa maria novella","산타 마리아 노벨라","acqua di cuba","아쿠아 디 쿠바",https://catchinichi.s3.ap-northeast-2.amazonaws.com/Acqua+di+Cuba.jpg,1,0,0,0.00
"santa maria novella","산타 마리아 노벨라","acqua di s.m. novella","아쿠아 디 산타 마리아 노벨라",https://catchinichi.s3.ap-northeast-2.amazonaws.com/Acqua+di+S.M.+Novella.jpg,1,0,0,0.00
"santa maria novella","산타 마리아 노벨라","acqua di sicilia","아쿠아 디 실리카",https://catchinichi.s3.ap-northeast-2.amazonaws.com/Acqua+di+Sicilia.jpg,1,0,0,0.00
"santa maria novella","산타 마리아 노벨라","alba di seoul","알바 디 서울",https://catchinichi.s3.ap-northeast-2.amazonaws.com/Alba+di+Seoul.jpg,1,0,0,0.00
"santa maria novella","산타 마리아 노벨라","angeli di firenze","엔젤 디 피렌체",https://catchinichi.s3.ap-northeast-2.amazonaws.com/Angeli+di+Firenze.jpg,1,0,3,4.67
"santa maria novella","산타 마리아 노벨라","cala rossa",카라로라,https://catchinichi.s3.ap-northeast-2.amazonaws.com/Cala+Rossa.jpg,1,0,0,0.00
"santa maria novella","산타 마리아 노벨라",caprifoglio,카프리폴리오,https://catchinichi.s3.ap-northeast-2.amazonaws.com/Caprifoglio.jpg,1,0,0,0.00
"santa maria novella","산타 마리아 노벨라",cinquanta,친킨타,https://catchinichi.s3.ap-northeast-2.amazonaws.com/Cinquanta.jpg,1,0,1,4.00
"santa maria novella","산타 마리아 노벨라",eva,에바,https://catchinichi.s3.ap-northeast-2.amazonaws.com/Eva.jpg,1,0,0,0.00
"santa maria novella","산타 마리아 노벨라",fieno,피에노,https://catchinichi.s3.ap-northeast-2.amazonaws.com/Fieno.jpg,1,0,0,0.00
"santa maria novella","산타 마리아 노벨라",fresia,프리지아,https://catchinichi.s3.ap-northeast-2.amazonaws.com/Fresia.jpg,1,0,3,3.67
"santa maria novella","산타 마리아 노벨라",gardenia,가드니아,https://catchinichi.s3.ap-northeast-2.amazonaws.com/Gardenia.jpg,1,0,0,0.00
"santa maria novella","산타 마리아 노벨라",gelsomino,젤소미노,https://catchinichi.s3.ap-northeast-2.amazonaws.com/Gelsomino.jpg,1,0,0,0.00
"santa maria novella","산타 마리아 노벨라",ginestra,지네스트라,https://catchinichi.s3.ap-northeast-2.amazonaws.com/Ginestra.jpg,1,0,0,0.00
"santa maria novella","산타 마리아 노벨라",iris,아이리스,https://catchinichi.s3.ap-northeast-2.amazonaws.com/Iris.jpg,1,0,0,0.00
"santa maria novella","산타 마리아 노벨라",lana,라나,https://catchinichi.s3.ap-northeast-2.amazonaws.com/Lana.jpg,1,0,0,0.00
"santa maria novella","산타 마리아 노벨라","lavanda ambrata","라벤더 앰브리타",https://catchinichi.s3.ap-northeast-2.amazonaws.com/Lavanda+Ambrata.jpg,1,0,0,0.00
"santa maria novella","산타 마리아 노벨라","lavanda imperiale","라벤더 임페리얼",https://catchinichi.s3.ap-northeast-2.amazonaws.com/Lavanda+Imperiale.jpg,1,0,0,0.00
"santa maria novella","산타 마리아 노벨라",marescialla,마르샬라,https://catchinichi.s3.ap-northeast-2.amazonaws.com/Marescialla.jpg,1,0,0,0.00
"santa maria novella","산타 마리아 노벨라",melograno,멜로그라노,https://catchinichi.s3.ap-northeast-2.amazonaws.com/Melograno.jpg,1,0,3,4.00
"santa maria novella","산타 마리아 노벨라",mughetto,무게또,https://catchinichi.s3.ap-northeast-2.amazonaws.com/Mughetto.jpg,1,0,0,0.00
"santa maria novella","산타 마리아 노벨라",muschio,무스치오,https://catchinichi.s3.ap-northeast-2.amazonaws.com/Muschio.jpg,1,0,0,0.00
"santa maria novella","산타 마리아 노벨라","muschio oro","무스치오 오로",https://catchinichi.s3.ap-northeast-2.amazonaws.com/Muschio+Oro.jpg,1,0,0,0.00
"santa maria novella","산타 마리아 노벨라",nostalgia,노스텔지아,https://catchinichi.s3.ap-northeast-2.amazonaws.com/Nostalgia.jpg,1,0,0,0.00
"santa maria novella","산타 마리아 노벨라",opoponax,오포파낙스,https://catchinichi.s3.ap-northeast-2.amazonaws.com/Opoponax.jpg,1,0,0,0.00
"santa maria novella","산타 마리아 노벨라",patchouli,파출리,https://catchinichi.s3.ap-northeast-2.amazonaws.com/Patchouli.jpg,1,0,0,0.00
"santa maria novella","산타 마리아 노벨라","peau d'espagne","포 데스 파 뉴오",https://catchinichi.s3.ap-northeast-2.amazonaws.com/Peau+d'Espagne.jpg,1,0,0,0.00
"santa maria novella","산타 마리아 노벨라","pot pourri",포푸리,https://catchinichi.s3.ap-northeast-2.amazonaws.com/Pot+Pourri.jpg,1,0,0,0.00
"santa maria novella","산타 마리아 노벨라",rosa,로사,https://catchinichi.s3.ap-northeast-2.amazonaws.com/Rosa.jpg,1,0,1,3.00
"santa maria novella","산타 마리아 노벨라","rosa novella","로사 노벨라",https://catchinichi.s3.ap-northeast-2.amazonaws.com/Rosa+Novella.jpg,1,0,0,0.00
"santa maria novella","산타 마리아 노벨라",russa,루싸,https://catchinichi.s3.ap-northeast-2.amazonaws.com/Russa.jpg,1,0,0,0.00
"santa maria novella","산타 마리아 노벨라",sandalo,산달로,https://catchinichi.s3.ap-northeast-2.amazonaws.com/Sandalo+.jpg,1,0,0,0.00
"santa maria novella","산타 마리아 노벨라","tabacco toscano","타바코 토스카노",https://catchinichi.s3.ap-northeast-2.amazonaws.com/Tabacco+Toscano.jpg,1,0,0,0.00
"santa maria novella","산타 마리아 노벨라",tuberosa,투베로사,https://catchinichi.s3.ap-northeast-2.amazonaws.com/Tuberosa.jpg,1,0,0,0.00
"santa maria novella","산타 마리아 노벨라",vaniglia,바니글리아,https://catchinichi.s3.ap-northeast-2.amazonaws.com/VANIGLIA.jpg,1,0,0,0.00
"santa maria novella","산타 마리아 노벨라",vetiver,베티버,https://catchinichi.s3.ap-northeast-2.amazonaws.com/Vetiver.jpg,1,0,0,0.00
"santa maria novella","산타 마리아 노벨라",zagara,자가라,https://catchinichi.s3.ap-northeast-2.amazonaws.com/Zagara.jpg,1,0,0,0.00
