,brand,name,note,category
0,acquadiparma,colonia,lemon,top
1,acquadiparma,colonia,sweet orange,top
2,acquadiparma,colonia,calabrian bergamot,top
3,acquadiparma,colonia,lavender,mid
4,acquadiparma,colonia,bulgarian rose,mid
5,acquadiparma,colonia,verbena,mid
6,acquadiparma,colonia,rosemary,mid
7,acquadiparma,colonia,vetiver,bot
8,acquadiparma,colonia,sandalwood,bot
9,acquadiparma,colonia,patchouli,bot
10,acquadiparma,coloniafutura,bergamot,top
11,acquadiparma,coloniafutura,grapefruit,top
12,acquadiparma,coloniafutura,lemon,top
13,acquadiparma,coloniafutura,pink pepper,top
14,acquadiparma,coloniafutura,clary sage,mid
15,acquadiparma,coloniafutura,lavander,mid
16,acquadiparma,coloniafutura,vetiver,bot
17,acquadiparma,coloniapura,italian bergamot,top
18,acquadiparma,coloniapura,italian orange,top
19,acquadiparma,coloniapura,paraguaian petitgrain,top
20,acquadiparma,coloniapura,russian coriander oil,mid
21,acquadiparma,coloniapura,jasmine sambac absolute,mid
22,acquadiparma,coloniapura,france narcissus absolute,mid
23,acquadiparma,coloniapura,virginian cedarwood,bot
24,acquadiparma,coloniapura,indonesian patchouli,bot
25,acquadiparma,coloniapura,musk,bot
26,acquadiparma,coloniaintensa,cardamom,top
27,acquadiparma,coloniaintensa,calabrian bergamot,top
28,acquadiparma,coloniaintensa,sicilian lemon,top
29,acquadiparma,coloniaintensa,ginger,top
30,acquadiparma,coloniaintensa,myrtle,mid
31,acquadiparma,coloniaintensa,artemisia,mid
32,acquadiparma,coloniaintensa,neroli,mid
33,acquadiparma,coloniaintensa,leather accord,bot
34,acquadiparma,coloniaintensa,cedar wood,bot
35,acquadiparma,coloniaintensa,patchouli,bot
36,acquadiparma,coloniaintensa,benzoin,bot
37,acquadiparma,coloniaintensa,musk,bot
38,acquadiparma,coloniaessenza,lemon,top
39,acquadiparma,coloniaessenza,orange,top
40,acquadiparma,coloniaessenza,bergamot,top
41,acquadiparma,coloniaessenza,mandarin,top
42,acquadiparma,coloniaessenza,grapefruit,top
43,acquadiparma,coloniaessenza,neroli,top
44,acquadiparma,coloniaessenza,petit grain,top
45,acquadiparma,coloniaessenza,rosemary,mid
46,acquadiparma,coloniaessenza,lily of the valley,mid
47,acquadiparma,coloniaessenza,rose accord,mid
48,acquadiparma,coloniaessenza,jasmine accord,mid
49,acquadiparma,coloniaessenza,cloves,mid
50,acquadiparma,coloniaessenza,vetiver,bot
51,acquadiparma,coloniaessenza,patchouli,bot
52,acquadiparma,coloniaessenza,white musk,bot
53,acquadiparma,coloniaessenza,amber,bot
54,acquadiparma,coloniaclub,sicilian lemon,top
55,acquadiparma,coloniaclub,petit grain,top
56,acquadiparma,coloniaclub,bergamot,top
57,acquadiparma,coloniaclub,sicilian mandarin,top
58,acquadiparma,coloniaclub,mint,top
59,acquadiparma,coloniaclub,neroli,top
60,acquadiparma,coloniaclub,lavender,mid
61,acquadiparma,coloniaclub,geranium,mid
62,acquadiparma,coloniaclub,galbanol,mid
63,acquadiparma,coloniaclub,haitian vetiver,bot
64,acquadiparma,coloniaclub,white musk,bot
65,acquadiparma,coloniaclub,ambergris accord,bot
66,acquadiparma,bergamottodicalabrialaspugnatura,bergamot,top
67,acquadiparma,bergamottodicalabrialaspugnatura,bitter orange,top
68,acquadiparma,bergamottodicalabrialaspugnatura,mandarin,top
69,acquadiparma,bergamottodicalabrialaspugnatura,grapefruit,top
70,acquadiparma,bergamottodicalabrialaspugnatura,galbanum,mid
71,acquadiparma,bergamottodicalabrialaspugnatura,geranium,mid
72,acquadiparma,bergamottodicalabrialaspugnatura,cedarwood,bot
73,acquadiparma,bergamottodicalabrialaspugnatura,vetiver,bot
74,acquadiparma,aranciadicapri,italian sweet orange,top
75,acquadiparma,aranciadicapri,italian mandarin,top
76,acquadiparma,aranciadicapri,italian lemon,top
77,acquadiparma,aranciadicapri,petit grain,mid
78,acquadiparma,aranciadicapri,cardamom,mid
79,acquadiparma,aranciadicapri,caramel,bot
80,acquadiparma,aranciadicapri,musk,bot
81,acquadiparma,ficodiamalfi,italian lemon,top
82,acquadiparma,ficodiamalfi,italian bergamot,top
83,acquadiparma,ficodiamalfi,grapefruit,top
84,acquadiparma,ficodiamalfi,fig nectar,mid
85,acquadiparma,ficodiamalfi,pink pepper,mid
86,acquadiparma,ficodiamalfi,jasmine petals,mid
87,acquadiparma,ficodiamalfi,fig wood,bot
88,acquadiparma,ficodiamalfi,cedarwood,bot
89,acquadiparma,ficodiamalfi,benzoin,bot
90,acquadiparma,cipressoditoscana,orange,top
91,acquadiparma,cipressoditoscana,elemi,top
92,acquadiparma,cipressoditoscana,star anise accord,top
93,acquadiparma,cipressoditoscana,lavandin,mid
94,acquadiparma,cipressoditoscana,clary sage,mid
95,acquadiparma,cipressoditoscana,petit grain,mid
96,acquadiparma,cipressoditoscana,fir balsam,bot
97,acquadiparma,cipressoditoscana,cypress,bot
98,acquadiparma,cipressoditoscana,pine needles,bot
99,acquadiparma,chinottodiliguria,chinotto,top
100,acquadiparma,chinottodiliguria,mandarin,top
101,acquadiparma,chinottodiliguria,jasmine,mid
102,acquadiparma,chinottodiliguria,geranium,mid
103,acquadiparma,chinottodiliguria,rosemary,mid
104,acquadiparma,chinottodiliguria,cardamom,mid
105,acquadiparma,chinottodiliguria,patchouli,bot
106,acquadiparma,chinottodiliguria,musk,bot
107,acquadiparma,mirtodipanarea,myrtle,top
108,acquadiparma,mirtodipanarea,basil,top
109,acquadiparma,mirtodipanarea,italian lemon,top
110,acquadiparma,mirtodipanarea,italian bergamot,top
111,acquadiparma,mirtodipanarea,marine breeze,mid
112,acquadiparma,mirtodipanarea,jasmine absolute,mid
113,acquadiparma,mirtodipanarea,damask rose absolute,mid
114,acquadiparma,mirtodipanarea,lentisc ansolute,bot
115,acquadiparma,mirtodipanarea,juniper,bot
116,acquadiparma,mirtodipanarea,virginian cedarwood,bot
117,acquadiparma,mirtodipanarea,amber,bot
118,acquadiparma,bergamottodicalabria,calabrian bergamot dop,top
119,acquadiparma,bergamottodicalabria,citron,top
120,acquadiparma,bergamottodicalabria,cedarwood,mid
121,acquadiparma,bergamottodicalabria,red ginger,mid
122,acquadiparma,bergamottodicalabria,vetiver,bot
123,acquadiparma,bergamottodicalabria,benzoin,bot
124,acquadiparma,bergamottodicalabria,musk,bot
125,acquadiparma,mandorlodisicilia,star anise,top
126,acquadiparma,mandorlodisicilia,italian bergamot,top
127,acquadiparma,mandorlodisicilia,italian orange,top
128,acquadiparma,mandorlodisicilia,green almonds,mid
129,acquadiparma,mandorlodisicilia,ylang ylang,mid
130,acquadiparma,mandorlodisicilia,madagascar vanilla,bot
131,acquadiparma,mandorlodisicilia,lebanese cedarwood,bot
132,acquadiparma,mandorlodisicilia,tolu balsam,bot
133,acquadiparma,mandorlodisicilia,musk,bot
134,acquadiparma,oud,bergamot,top
135,acquadiparma,oud,orange,top
136,acquadiparma,oud,haitian amyris oil,mid
137,acquadiparma,oud,russian coriander,mid
138,acquadiparma,oud,agarwood oil (oud),mid
139,acquadiparma,oud,cedarwood,bot
140,acquadiparma,oud,leather accord,bot
141,acquadiparma,oud,patchouli oil,bot
142,acquadiparma,oud,sandalwood,bot
143,acquadiparma,oud,musk,bot
144,acquadiparma,leather,brazilian orange,top
145,acquadiparma,leather,sicilian lemon,top
146,acquadiparma,leather,raspberry accord,top
147,acquadiparma,leather,red thyme,mid
148,acquadiparma,leather,honeysuckle,mid
149,acquadiparma,leather,petitgrain,mid
150,acquadiparma,leather,rose accord,mid
151,acquadiparma,leather,leather accord,bot
152,acquadiparma,leather,cedar,bot
153,acquadiparma,leather,paraguayan guaiac oil,bot
154,acquadiparma,ambra,orange,top
155,acquadiparma,ambra,bergamot,top
156,acquadiparma,ambra,petitgrain,top
157,acquadiparma,ambra,rose,mid
158,acquadiparma,ambra,nagarmotha,mid
159,acquadiparma,ambra,cedarwood,mid
160,acquadiparma,ambra,patchouli,mid
161,acquadiparma,ambra,ambergris,bot
162,acquadiparma,ambra,sandalwood,bot
163,acquadiparma,ambra,labdanum,bot
164,acquadiparma,ambra,vanilla,bot
165,acquadiparma,ambra,musk,bot
166,acquadiparma,quercia,lemon,top
167,acquadiparma,quercia,bergamot,top
168,acquadiparma,quercia,petitgrain,top
169,acquadiparma,quercia,pink pepper,top
170,acquadiparma,quercia,cardamom,mid
171,acquadiparma,quercia,geranium,mid
172,acquadiparma,quercia,cedarwood,mid
173,acquadiparma,quercia,tonka bean,bot
174,acquadiparma,quercia,patchouli,bot
175,acquadiparma,quercia,oakmoss,bot
176,acquadiparma,sandalo,bergamot,top
177,acquadiparma,sandalo,lemon,top
178,acquadiparma,sandalo,orange,top
179,acquadiparma,sandalo,petitgrain,top
180,acquadiparma,sandalo,lavender,mid
181,acquadiparma,sandalo,cardamom,mid
182,acquadiparma,sandalo,sandalwood,bot
183,acquadiparma,sandalo,amber,bot
184,acquadiparma,sandalo,tonka bean,bot
185,acquadiparma,vaniglia,bergamot,top
186,acquadiparma,vaniglia,mandarin,top
187,acquadiparma,vaniglia,neroli,top
188,acquadiparma,vaniglia,heliotrhope,top
189,acquadiparma,vaniglia,jasmine sambac,mid
190,acquadiparma,vaniglia,vanilla,mid
191,acquadiparma,vaniglia,cedarwood,bot
192,acquadiparma,vaniglia,musk,bot
193,acquadiparma,yuzu,yuzu,top
194,acquadiparma,yuzu,bergamot,top
195,acquadiparma,yuzu,sichuan pepper,top
196,acquadiparma,yuzu,lotus,mid
197,acquadiparma,yuzu,mimosa,mid
198,acquadiparma,yuzu,violet leaves,mid
199,acquadiparma,yuzu,jasmine,mid
200,acquadiparma,yuzu,musk,bot
201,acquadiparma,yuzu,liquorice,bot
202,acquadiparma,yuzu,sandalwood,bot
203,acquadiparma,camelia,bergamot,top
204,acquadiparma,camelia,yellow mandarin,top
205,acquadiparma,camelia,pink pepper,top
206,acquadiparma,camelia,cardamom,top
207,acquadiparma,camelia,camelia accord,mid
208,acquadiparma,camelia,clary sage,mid
209,acquadiparma,camelia,benzoin resinoid,bot
210,acquadiparma,camelia,musk,bot
211,acquadiparma,osmanthus,green mandarin,top
212,acquadiparma,osmanthus,neroli,top
213,acquadiparma,osmanthus,peony,mid
214,acquadiparma,osmanthus,pink pepper,mid
215,acquadiparma,osmanthus,ambrette,mid
216,acquadiparma,osmanthus,osmanthus,bot
217,acquadiparma,osmanthus,patchouli,bot
218,acquadiparma,sakura,bergamot,top
219,acquadiparma,sakura,yellow mandarin,top
220,acquadiparma,sakura,pink pepper,top
221,acquadiparma,sakura,sakura,mid
222,acquadiparma,sakura,jasmine sambac,mid
223,acquadiparma,sakura,musk,bot
224,acquadiparma,rosanobile,tangerine,top
225,acquadiparma,rosanobile,calabrian bergamot,top
226,acquadiparma,rosanobile,pepper,top
227,acquadiparma,rosanobile,centifolia rose absolute,mid
228,acquadiparma,rosanobile,peony accord,mid
229,acquadiparma,rosanobile,violet,mid
230,acquadiparma,rosanobile,lily-of-the-valley,mid
231,acquadiparma,rosanobile,musk,bot
232,acquadiparma,rosanobile,virginian cedarwood,bot
233,acquadiparma,rosanobile,ambergris,bot
234,acquadiparma,peonianobile,black pepper,top
235,acquadiparma,peonianobile,raspberry accord,top
236,acquadiparma,peonianobile,peony accord,mid
237,acquadiparma,peonianobile,egyptian geranium,mid
238,acquadiparma,peonianobile,freesia accord,mid
239,acquadiparma,peonianobile,turkish rose,mid
240,acquadiparma,peonianobile,ambery accord,bot
241,acquadiparma,peonianobile,patchouli indonesia,bot
242,acquadiparma,peonianobile,musk,bot
243,acquadiparma,magnolianobile,calabrian bergamot,top
244,acquadiparma,magnolianobile,sicilian lemon,top
245,acquadiparma,magnolianobile,sicilian citron,top
246,acquadiparma,magnolianobile,magnolia,mid
247,acquadiparma,magnolianobile,bulgarian rose,mid
248,acquadiparma,magnolianobile,tuberose absolute,mid
249,acquadiparma,magnolianobile,jasmine sambac absolute,mid
250,acquadiparma,magnolianobile,sandalwood,bot
251,acquadiparma,magnolianobile,patchouli,bot
252,acquadiparma,magnolianobile,vetiver,bot
253,acquadiparma,magnolianobile,madagascar vanilla,bot
254,acquadiparma,notedicoloniai,bergamot,top
255,acquadiparma,notedicoloniai,neroli,top
256,acquadiparma,notedicoloniai,lavender,mid
257,acquadiparma,notedicoloniai,rose,mid
258,acquadiparma,notedicoloniai,violet accord,mid
259,acquadiparma,notedicoloniai,patchouli,bot
260,acquadiparma,notedicoloniai,cedarwood,bot
261,acquadiparma,notedicoloniaii,bergamot,top
262,acquadiparma,notedicoloniaii,orange,top
263,acquadiparma,notedicoloniaii,grapefruit,top
264,acquadiparma,notedicoloniaii,cardamom,top
265,acquadiparma,notedicoloniaii,basil,top
266,acquadiparma,notedicoloniaii,sandalwood,mid
267,acquadiparma,notedicoloniaii,guaiac,mid
268,acquadiparma,notedicoloniaii,musk,bot
269,acquadiparma,notedicoloniaii,vetiver,bot
270,acquadiparma,notedicoloniaiii,mandarin,top
271,acquadiparma,notedicoloniaiii,ginger,top
272,acquadiparma,notedicoloniaiii,vetiver,mid
273,acquadiparma,notedicoloniaiii,olibanum,mid
274,acquadiparma,notedicoloniaiii,jasmine,mid
275,acquadiparma,notedicoloniaiii,tonka bean,bot
276,acquadiparma,notedicoloniaiii,myrrh,bot
277,acquadiparma,notedicoloniaiii,ciste,bot
278,acquadiparma,notedicoloniaiv,bergamot,top
279,acquadiparma,notedicoloniaiv,green mandarin,top
280,acquadiparma,notedicoloniaiv,turkish rose,mid
281,acquadiparma,notedicoloniaiv,orange flower,mid
282,acquadiparma,notedicoloniaiv,opoponax,bot
283,acquadiparma,notedicoloniaiv,cisto ladbanum,bot
284,acquadiparma,notedicoloniaiv,patchouli,bot
285,acquadiparma,notedicoloniav,calabrian lemon,top
286,acquadiparma,notedicoloniav,calabrian bergamot,top
287,acquadiparma,notedicoloniav,pink pepper,top
288,acquadiparma,notedicoloniav,ginger,mid
289,acquadiparma,notedicoloniav,juniper,mid
290,acquadiparma,notedicoloniav,sandalwood,bot
291,acquadiparma,notedicoloniav,cedarwood,bot
292,byredo,mixedemotions,mate,top
293,byredo,mixedemotions,blackcurrant,top
294,byredo,mixedemotions,ceylon black tea,mid
295,byredo,mixedemotions,violet leaves,mid
296,byredo,mixedemotions,birch woods,bot
297,byredo,mixedemotions,payrus,bot
298,byredo,gypsywater,bergamot,top
299,byredo,gypsywater,juniper berries,top
300,byredo,gypsywater,lemon,top
301,byredo,gypsywater,pepper,top
302,byredo,gypsywater,incense,mid
303,byredo,gypsywater,orris,mid
304,byredo,gypsywater,pine needle,mid
305,byredo,gypsywater,amber,bot
306,byredo,gypsywater,sandalwood,bot
307,byredo,gypsywater,vanilla,bot
308,byredo,bald'afrique,african marigold,top
309,byredo,bald'afrique,bergamot,top
310,byredo,bald'afrique,bucchu,top
311,byredo,bald'afrique,cyclamen,mid
312,byredo,bald'afrique,violet,mid
313,byredo,bald'afrique,moroccan cedarwood,bot
314,byredo,bald'afrique,vetiver,bot
315,byredo,roseofnoman'sland,pink pepper,top
316,byredo,roseofnoman'sland,turkish rose petals,top
317,byredo,roseofnoman'sland,raspberry blossom,mid
318,byredo,roseofnoman'sland,turkish rose absolute,mid
319,byredo,roseofnoman'sland,papyrus,bot
320,byredo,roseofnoman'sland,white amber,bot
321,byredo,blanche,aldehyde,top
322,byredo,blanche,pink pepper,top
323,byredo,blanche,white rose,top
324,byredo,blanche,neroli,mid
325,byredo,blanche,peony,mid
326,byredo,blanche,violet,mid
327,byredo,blanche,blonde woods,bot
328,byredo,blanche,musk,bot
329,byredo,blanche,sandalwood,bot
330,byredo,mojaveghost,ambrette,top
331,byredo,mojaveghost,magnolia,mid
332,byredo,mojaveghost,sandalwood,mid
333,byredo,mojaveghost,violet,mid
334,byredo,mojaveghost,cedarwood,bot
335,byredo,mojaveghost,chantilly musk,bot
336,byredo,mojaveghost,crisp amber,bot
337,byredo,supercedar,rose petals,top
338,byredo,supercedar,virginian cedarwood,mid
339,byredo,supercedar,haitian vetiver,bot
340,byredo,supercedar,silk musk,bot
341,byredo,unnamed,unknown,top
342,byredo,unnamed,unknown,mid
343,byredo,unnamed,unknown,bot
344,byredo,latulipe,cyclamen,top
345,byredo,latulipe,freesia,top
346,byredo,latulipe,rhubarb,top
347,byredo,latulipe,tulip,mid
348,byredo,latulipe,blonde woods,bot
349,byredo,latulipe,vetiver,bot
350,byredo,biblioth챔que,peach,top
351,byredo,biblioth챔que,plum,top
352,byredo,biblioth챔que,peony,mid
353,byredo,biblioth챔que,violet,mid
354,byredo,biblioth챔que,leather,bot
355,byredo,biblioth챔que,patchouli,bot
356,byredo,biblioth챔que,vanilla,bot
357,byredo,1996,black pepper,top
358,byredo,1996,juniper berries,top
359,byredo,1996,leather accord,mid
360,byredo,1996,orris,mid
361,byredo,1996,violet,mid
362,byredo,1996,black amber,bot
363,byredo,1996,patchouli,bot
364,byredo,1996,vanilla,bot
365,byredo,oudimmortel,cardamom,top
366,byredo,oudimmortel,incense,top
367,byredo,oudimmortel,brazilian rosewood,mid
368,byredo,oudimmortel,papyrus,mid
369,byredo,oudimmortel,patchouli,mid
370,byredo,oudimmortel,moss,bot
371,byredo,oudimmortel,tobacco leaves,bot
372,byredo,eleventhhour,bergamot,top
373,byredo,eleventhhour,ban timmur,top
374,byredo,eleventhhour,rum,mid
375,byredo,eleventhhour,carrot seeds,mid
376,byredo,eleventhhour,wild fig,mid
377,byredo,eleventhhour,tonka bean,bot
378,byredo,eleventhhour,cashmere woods,bot
379,byredo,mistermarvelous,mandarin leaves,top
380,byredo,mistermarvelous,neroli flower,top
381,byredo,mistermarvelous,bamboo,mid
382,byredo,mistermarvelous,green lavender,mid
383,byredo,mistermarvelous,black amber,bot
384,byredo,mistermarvelous,white cedarwood,bot
385,byredo,casablancalily,plum,top
386,byredo,casablancalily,gardenia,top
387,byredo,casablancalily,carnation,mid
388,byredo,casablancalily,indian tuberose,mid
389,byredo,casablancalily,rosewood,bot
390,byredo,casablancalily,honey accord,bot
391,byredo,sellier,cashmeran,top
392,byredo,sellier,black tea,top
393,byredo,sellier,leather accord,mid
394,byredo,sellier,tobacco leaves,mid
395,byredo,sellier,birch tree,bot
396,byredo,sellier,oakmoss,bot
397,byredo,reinedenuit,blackcurrant,top
398,byredo,reinedenuit,saffron,top
399,byredo,reinedenuit,incense,mid
400,byredo,reinedenuit,rose,mid
401,byredo,reinedenuit,ambrette seeds,bot
402,byredo,reinedenuit,patchouli,bot
403,byredo,rosenoir,cardamom,top
404,byredo,rosenoir,freesia,top
405,byredo,rosenoir,grapefruit,top
406,byredo,rosenoir,red berries,top
407,byredo,rosenoir,lily of the valley,mid
408,byredo,rosenoir,raspberry,mid
409,byredo,rosenoir,rose damascena,mid
410,byredo,rosenoir,violet,mid
411,byredo,rosenoir,jasmine,mid
412,byredo,rosenoir,moss,bot
413,byredo,rosenoir,musk,bot
414,byredo,rosenoir,patchouli,bot
415,byredo,rosenoir,cistus labdanum,bot
416,byredo,slowdance,opopanax,top
417,byredo,slowdance,geranium,mid
418,byredo,slowdance,labdanum,mid
419,byredo,slowdance,violet,mid
420,byredo,slowdance,patchouli,bot
421,byredo,slowdance,vanilla,bot
422,byredo,accordoud,blackberry,top
423,byredo,accordoud,rum,top
424,byredo,accordoud,saffron,top
425,byredo,accordoud,clary sage,mid
426,byredo,accordoud,leather accord,mid
427,byredo,accordoud,patchouli,bot
428,byredo,accordoud,powdery musks,bot
429,byredo,tobaccomandarin,mandarin,top
430,byredo,tobaccomandarin,coriander,top
431,byredo,tobaccomandarin,cumin,top
432,byredo,tobaccomandarin,labdanum,mid
433,byredo,tobaccomandarin,leather,mid
434,byredo,tobaccomandarin,tobacco,mid
435,byredo,tobaccomandarin,sandalwood,bot
436,byredo,tobaccomandarin,oud,bot
437,byredo,tobaccomandarin,olibanum,bot
438,byredo,m/mink,adoxal,top
439,byredo,m/mink,incense,mid
440,byredo,m/mink,amber,bot
441,byredo,m/mink,cedarwood,bot
442,byredo,m/mink,clover honey,bot
443,byredo,m/mink,patchouli leaf,bot
444,byredo,blacksaffron,juniper berries,top
445,byredo,blacksaffron,pomelo,top
446,byredo,blacksaffron,saffron,top
447,byredo,blacksaffron,accord cuir,mid
448,byredo,blacksaffron,black violet,mid
449,byredo,blacksaffron,cristal rose,mid
450,byredo,blacksaffron,blonde woods,bot
451,byredo,blacksaffron,raspberry,bot
452,byredo,blacksaffron,vetiver,bot
453,byredo,lilfleur,saffron,top
454,byredo,lilfleur,cassis,top
455,byredo,lilfleur,tangerine,top
456,byredo,lilfleur,leather,mid
457,byredo,lilfleur,damascena rose (oil),mid
458,byredo,lilfleur,amber,bot
459,byredo,lilfleur,blonde woods,bot
460,byredo,lilfleur,vanilla,bot
461,byredo,inflorescence,pink freesia,top
462,byredo,inflorescence,rose petals,top
463,byredo,inflorescence,lily of the valley,mid
464,byredo,inflorescence,magnolia,mid
465,byredo,inflorescence,fresh jasmine,bot
466,byredo,sundaycologne,bergamot,top
467,byredo,sundaycologne,cardamom,top
468,byredo,sundaycologne,star anise,top
469,byredo,sundaycologne,geranium,mid
470,byredo,sundaycologne,incense,mid
471,byredo,sundaycologne,lavender,mid
472,byredo,sundaycologne,moss,bot
473,byredo,sundaycologne,patchouli,bot
474,byredo,sundaycologne,vetiver,bot
475,byredo,sundazed,lemon,top
476,byredo,sundazed,mandarin,top
477,byredo,sundazed,neroli,mid
478,byredo,sundazed,jasmine sambac,mid
479,byredo,sundazed,musk,bot
480,byredo,sundazed,cotton candy,bot
481,byredo,palermo,bigarade,top
482,byredo,palermo,sicilian bergamot,top
483,byredo,palermo,fresh musk,mid
484,byredo,palermo,rose absolute,mid
485,byredo,palermo,ambrette flower,bot
486,byredo,palermo,skin musks,bot
487,byredo,pulp,bergamot,top
488,byredo,pulp,blackcurrant,top
489,byredo,pulp,cardamom,top
490,byredo,pulp,fig,mid
491,byredo,pulp,red apple,mid
492,byredo,pulp,tiare,mid
493,byredo,pulp,cedarwood,bot
494,byredo,pulp,peach flower,bot
495,byredo,pulp,praline,bot
496,byredo,flowerhead,angelica seeds,top
497,byredo,flowerhead,lingonberry,top
498,byredo,flowerhead,sicilian lemon,top
499,byredo,flowerhead,dewy tuberose,mid
500,byredo,flowerhead,rose petals,mid
501,byredo,flowerhead,wild jasmine sambac,mid
502,byredo,flowerhead,fresh amber,bot
503,byredo,flowerhead,suede,bot
504,byredo,velvethaze,ambrette,top
505,byredo,velvethaze,coconut water,top
506,byredo,velvethaze,patchouli leaves,mid
507,byredo,velvethaze,cotton musks,bot
508,byredo,velvethaze,cocoa absolu,bot
509,byredo,velvethaze,wild musk,bot
510,maisonmargiela,replicaatthebarber's,bigarade essence,top
511,maisonmargiela,replicaatthebarber's,basil essence,top
512,maisonmargiela,replicaatthebarber's,black pepper,top
513,maisonmargiela,replicaatthebarber's,geranium essence,mid
514,maisonmargiela,replicaatthebarber's,lavender,mid
515,maisonmargiela,replicaatthebarber's,rosemary essence,mid
516,maisonmargiela,replicaatthebarber's,tonka bean,bot
517,maisonmargiela,replicaatthebarber's,evernyl,bot
518,maisonmargiela,replicaatthebarber's,white musks,bot
519,maisonmargiela,replicaatthebarber's,notes of tonka beans and white musk,bot
520,maisonmargiela,replicaatthebarber's,black pepper,bot
521,maisonmargiela,replicaatthebarber's,rosemary,bot
522,maisonmargiela,replicaatthebarber's,basil accord,bot
523,maisonmargiela,replicabeachwalk,bergamot,top
524,maisonmargiela,replicabeachwalk,pink pepper,top
525,maisonmargiela,replicabeachwalk,lemon,top
526,maisonmargiela,replicabeachwalk,transluzone,mid
527,maisonmargiela,replicabeachwalk,ylang ylang,mid
528,maisonmargiela,replicabeachwalk,cococut milk,mid
529,maisonmargiela,replicabeachwalk,musk,bot
530,maisonmargiela,replicabeachwalk,cedar,bot
531,maisonmargiela,replicabeachwalk,benzoin,bot
532,maisonmargiela,replicabubblebath,crushed leaves accord,top
533,maisonmargiela,replicabubblebath,freesia,top
534,maisonmargiela,replicabubblebath,sambac jasmine from india,mid
535,maisonmargiela,replicabubblebath,infusion of egyptian jasmine,mid
536,maisonmargiela,replicabubblebath,infusion of tuberose,mid
537,maisonmargiela,replicabubblebath,rose from grasse,mid
538,maisonmargiela,replicabubblebath,peach,bot
539,maisonmargiela,replicabubblebath,cedar wood,bot
540,maisonmargiela,replicabubblebath,oak moss,bot
541,maisonmargiela,replicabythefireplace,pink pepper,top
542,maisonmargiela,replicabythefireplace,orange flower petals,top
543,maisonmargiela,replicabythefireplace,clove oil,top
544,maisonmargiela,replicabythefireplace,chestnut accord,mid
545,maisonmargiela,replicabythefireplace,gaiac wood oil,mid
546,maisonmargiela,replicabythefireplace,cade oil,mid
547,maisonmargiela,replicabythefireplace,vanilla accord,bot
548,maisonmargiela,replicabythefireplace,peru balsam,bot
549,maisonmargiela,replicabythefireplace,cashmeran,bot
550,maisonmargiela,replicacoffeebreak,pepper essence,top
551,maisonmargiela,replicacoffeebreak,orange flower petals firnat,top
552,maisonmargiela,replicacoffeebreak,patchouli prisma,top
553,maisonmargiela,replicacoffeebreak,cypriol,mid
554,maisonmargiela,replicacoffeebreak,tonka bean absolute,mid
555,maisonmargiela,replicacoffeebreak,benzoin siam resinoid,mid
556,maisonmargiela,replicacoffeebreak,vanilla absolute,bot
557,maisonmargiela,replicacoffeebreak,cedarwood,bot
558,maisonmargiela,replicacoffeebreak,vetiver,bot
559,maisonmargiela,replicaflowermarket,greenleaves accord,top
560,maisonmargiela,replicaflowermarket,freesia,top
561,maisonmargiela,replicaflowermarket,sambac jasmine,top
562,maisonmargiela,replicaflowermarket,egyptian jasmine,mid
563,maisonmargiela,replicaflowermarket,tuberose,mid
564,maisonmargiela,replicaflowermarket,grasse rose,mid
565,maisonmargiela,replicaflowermarket,peach,bot
566,maisonmargiela,replicaflowermarket,cedar,bot
567,maisonmargiela,replicaflowermarket,oak moss,bot
568,maisonmargiela,replicajazzclub,primofiore lemon,top
569,maisonmargiela,replicajazzclub,pink pepper,top
570,maisonmargiela,replicajazzclub,neroli oil,top
571,maisonmargiela,replicajazzclub,clarysage oil,mid
572,maisonmargiela,replicajazzclub,rum absolute,mid
573,maisonmargiela,replicajazzclub,java vetiver oil,mid
574,maisonmargiela,replicajazzclub,styraxresin,bot
575,maisonmargiela,replicajazzclub,tobacco leaf absolute,bot
576,maisonmargiela,replicajazzclub,vanilla bean,bot
577,maisonmargiela,replicalazysundaymorning,pear accord,top
578,maisonmargiela,replicalazysundaymorning,ambrette seeds,top
579,maisonmargiela,replicalazysundaymorning,clean accord,top
580,maisonmargiela,replicalazysundaymorning,iris accord,mid
581,maisonmargiela,replicalazysundaymorning,rose petales,mid
582,maisonmargiela,replicalazysundaymorning,orange flower,mid
583,maisonmargiela,replicalazysundaymorning,patchouli indonesia,bot
584,maisonmargiela,replicalazysundaymorning,white woods,bot
585,maisonmargiela,replicalazysundaymorning,white & creamy musk,bot
586,maisonmargiela,replicamatchameditation,bergamot essence,top
587,maisonmargiela,replicamatchameditation,mandarine essence,top
588,maisonmargiela,replicamatchameditation,green tea accord,top
589,maisonmargiela,replicamatchameditation,matcha accord,mid
590,maisonmargiela,replicamatchameditation,orange blossom absolute,mid
591,maisonmargiela,replicamatchameditation,jasmin accord,mid
592,maisonmargiela,replicamatchameditation,benzoin,bot
593,maisonmargiela,replicamatchameditation,moss accord,bot
594,maisonmargiela,replicamatchameditation,white chocolate accord,bot
595,maisonmargiela,replicamusicfestival,weed accord,top
596,maisonmargiela,replicamusicfestival,violet leaves absolute,top
597,maisonmargiela,replicamusicfestival,red apple accord,top
598,maisonmargiela,replicamusicfestival,patchouli essence,mid
599,maisonmargiela,replicamusicfestival,tobacco from balkans accord,mid
600,maisonmargiela,replicamusicfestival,incense accord,mid
601,maisonmargiela,replicamusicfestival,leather accord,bot
602,maisonmargiela,replicamusicfestival,virginia cedarwood essence,bot
603,maisonmargiela,replicamusicfestival,cypress essence,bot
604,maisonmargiela,replicasailingday,aquatic accord,top
605,maisonmargiela,replicasailingday,aldehydes accord,top
606,maisonmargiela,replicasailingday,juniper pure jungle essence,top
607,maisonmargiela,replicasailingday,coriander eo,mid
608,maisonmargiela,replicasailingday,iris absolute,mid
609,maisonmargiela,replicasailingday,rose superessence,mid
610,maisonmargiela,replicasailingday,red seaweed pure jungle essence,bot
611,maisonmargiela,replicasailingday,ambergris accord,bot
612,maisonmargiela,replicasailingday,orcanox,bot
613,maisonmargiela,replicaspringtimeinapark,pear accord,top
614,maisonmargiela,replicaspringtimeinapark,bergamot essence,top
615,maisonmargiela,replicaspringtimeinapark,blackcurrant accord,top
616,maisonmargiela,replicaspringtimeinapark,lily of the valley accord,mid
617,maisonmargiela,replicaspringtimeinapark,jasmine grandiflorum absolute,mid
618,maisonmargiela,replicaspringtimeinapark,rose damascena absolute,mid
619,maisonmargiela,replicaspringtimeinapark,musks,bot
620,maisonmargiela,replicaspringtimeinapark,vanilla accord,bot
621,maisonmargiela,replicaspringtimeinapark,ambrox,bot
622,maisonmargiela,replicaunderthelemontrees,kalamansi flavor accord,top
623,maisonmargiela,replicaunderthelemontrees,petitgrain essence,top
624,maisonmargiela,replicaunderthelemontrees,cardamom essence,top
625,maisonmargiela,replicaunderthelemontrees,coriander essence,mid
626,maisonmargiela,replicaunderthelemontrees,mate absolute,mid
627,maisonmargiela,replicaunderthelemontrees,green tea extract,mid
628,maisonmargiela,replicaunderthelemontrees,cedarwood essence,bot
629,maisonmargiela,replicaunderthelemontrees,musks,bot
630,maisonmargiela,replicawhispersinthelibrary,pepper essence,top
631,maisonmargiela,replicawhispersinthelibrary,orange flower petals firnat,top
632,maisonmargiela,replicawhispersinthelibrary,patchouli prisma,top
633,maisonmargiela,replicawhispersinthelibrary,cypriol,mid
634,maisonmargiela,replicawhispersinthelibrary,tonka bean absolute,mid
635,maisonmargiela,replicawhispersinthelibrary,benzoin siam resinoid,mid
636,maisonmargiela,replicawhispersinthelibrary,vanilla absolute,bot
637,maisonmargiela,replicawhispersinthelibrary,cedarwood,bot
638,maisonmargiela,replicawhispersinthelibrary,vetiver,bot
639,santamarianovella,acquadis.m.novella,fresh citrus notes,top
640,santamarianovella,acquadis.m.novella,lavender,mid
641,santamarianovella,acquadis.m.novella,rosemary,mid
642,santamarianovella,acquadis.m.novella,oriental sweet note,bot
643,santamarianovella,angelidifirenze,jasmine,top
644,santamarianovella,angelidifirenze,ylang-ylang,top
645,santamarianovella,angelidifirenze,cyclamen,top
646,santamarianovella,angelidifirenze,peach,mid
647,santamarianovella,angelidifirenze,melon,mid
648,santamarianovella,angelidifirenze,black current,mid
649,santamarianovella,angelidifirenze,iris,mid
650,santamarianovella,angelidifirenze,vanilla,bot
651,santamarianovella,angelidifirenze,white musk,bot
652,santamarianovella,angelidifirenze,precious woods,bot
653,santamarianovella,freesia,freesia,top
654,santamarianovella,freesia,freesia,mid
655,santamarianovella,freesia,freesia,bot
656,santamarianovella,tabaccotoscano,calabrian bergamot,top
657,santamarianovella,tabaccotoscano,jasmine,top
658,santamarianovella,tabaccotoscano,tuscan tobacco leaves,mid
659,santamarianovella,tabaccotoscano,birch leaves,mid
660,santamarianovella,tabaccotoscano,spices,mid
661,santamarianovella,tabaccotoscano,cedar wood,bot
662,santamarianovella,tabaccotoscano,vanilla,bot
663,santamarianovella,tabaccotoscano,burnt malt,bot
664,santamarianovella,melograno,floral,top
665,santamarianovella,melograno,citrus notes,top
666,santamarianovella,melograno,floral powdery notes,mid
667,santamarianovella,melograno,sweet oriental notes,bot
668,santamarianovella,potpourri,citrus notes,top
669,santamarianovella,potpourri,lavender,top
670,santamarianovella,potpourri,rosemary,mid
671,santamarianovella,potpourri,red thyme,mid
672,santamarianovella,potpourri,patchouli,bot
673,santamarianovella,rosa,floral note with citrus shades,top
674,santamarianovella,rosa,rose,mid
675,santamarianovella,rosa,aromatic woods,bot
676,santamarianovella,rosanovella,citrus,top
677,santamarianovella,rosanovella,floral,top
678,santamarianovella,rosanovella,woody,top
679,santamarianovella,rosanovella,citrus,mid
680,santamarianovella,rosanovella,floral,mid
681,santamarianovella,rosanovella,woody,mid
682,santamarianovella,rosanovella,citrus,bot
683,santamarianovella,rosanovella,floral,bot
684,santamarianovella,rosanovella,woody,bot
685,santamarianovella,acquadicuba,citrus,top
686,santamarianovella,acquadicuba,cardamom,top
687,santamarianovella,acquadicuba,tobacco leaves,mid
688,santamarianovella,acquadicuba,honey,mid
689,santamarianovella,acquadicuba,spices,mid
690,santamarianovella,acquadicuba,sweet notes,bot
691,santamarianovella,acquadicuba,salvia sclarea,bot
692,santamarianovella,acquadisicilia,calabrian bergamot,top
693,santamarianovella,acquadisicilia,sicilian lemon,top
694,santamarianovella,acquadisicilia,neroli,top
695,santamarianovella,acquadisicilia,petitgrain,mid
696,santamarianovella,acquadisicilia,rosemary,mid
697,santamarianovella,acquadisicilia,sumatra benzoin,bot
698,santamarianovella,albadiseoul,bergamot,top
699,santamarianovella,albadiseoul,spices,top
700,santamarianovella,albadiseoul,korean pine,mid
701,santamarianovella,albadiseoul,conifers,bot
702,santamarianovella,albadiseoul,patchouli,bot
703,santamarianovella,calarossa,wild lavender,top
704,santamarianovella,calarossa,mint,top
705,santamarianovella,calarossa,eucalyptus,top
706,santamarianovella,calarossa,helichrysum,mid
707,santamarianovella,calarossa,wild fennel,mid
708,santamarianovella,calarossa,rosemary,bot
709,santamarianovella,calarossa,myrtle,bot
710,santamarianovella,cinquanta,gardenia,top
711,santamarianovella,cinquanta,orange blossoms,top
712,santamarianovella,cinquanta,green tea,mid
713,santamarianovella,cinquanta,softwoods,mid
714,santamarianovella,cinquanta,amber,bot
715,santamarianovella,cinquanta,precious woods,bot
716,santamarianovella,cinquanta,white musk,bot
717,santamarianovella,eva,sicilian lemon,top
718,santamarianovella,eva,bitter orange,top
719,santamarianovella,eva,pepper,mid
720,santamarianovella,eva,vetiver,bot
721,santamarianovella,eva,cedar wood,bot
722,santamarianovella,fieno,sicilian citrus,top
723,santamarianovella,fieno,rose,mid
724,santamarianovella,fieno,myrtle,mid
725,santamarianovella,fieno,hawthorn,mid
726,santamarianovella,fieno,sandalwood,bot
727,santamarianovella,fieno,benzoin resin,bot
728,santamarianovella,fieno,vetiver,bot
729,santamarianovella,gelsomino,jasmine,top
730,santamarianovella,gelsomino,jasmine,mid
731,santamarianovella,gelsomino,jasmine,bot
732,santamarianovella,ginestra,genista (broom),top
733,santamarianovella,ginestra,sweet floral notes,mid
734,santamarianovella,ginestra,musk,bot
735,santamarianovella,ginestra,woods,bot
736,santamarianovella,iris,fresh notes,top
737,santamarianovella,iris,sweet floral notes,mid
738,santamarianovella,iris,iris,bot
739,santamarianovella,iris,oak musk,bot
740,santamarianovella,lana,cardamom,top
741,santamarianovella,lana,fig flowers,top
742,santamarianovella,lana,bergamot,top
743,santamarianovella,lana,rose,mid
744,santamarianovella,lana,herbaceous green notes,mid
745,santamarianovella,lana,fresh marine notes,mid
746,santamarianovella,lana,musk,bot
747,santamarianovella,lana,precious woods,bot
748,santamarianovella,marescialla,citrus,top
749,santamarianovella,marescialla,mace,top
750,santamarianovella,marescialla,cedar wood,mid
751,santamarianovella,marescialla,rosa centifolia,mid
752,santamarianovella,marescialla,oriental woods,bot
753,santamarianovella,marescialla,musk,bot
754,santamarianovella,mughetto,mughetto (lily of the valley),top
755,santamarianovella,mughetto,mughetto (lily of the valley),mid
756,santamarianovella,mughetto,mughetto (lily of the valley),bot
757,santamarianovella,muschio,oriental soft mossy note (musk),top
758,santamarianovella,muschio,oriental soft mossy note (musk),mid
759,santamarianovella,muschio,oriental soft mossy note (musk),bot
760,santamarianovella,muschiooro,woody soft mossy note (golden musk),top
761,santamarianovella,muschiooro,woody soft mossy note (golden musk),mid
762,santamarianovella,muschiooro,woody soft mossy note (golden musk),bot
763,santamarianovella,nostalgia,rubber,top
764,santamarianovella,nostalgia,sweetgum resin,top
765,santamarianovella,nostalgia,bergamot,top
766,santamarianovella,nostalgia,patchouli,mid
767,santamarianovella,nostalgia,virginia cedar wood,mid
768,santamarianovella,nostalgia,tobacco leaves,bot
769,santamarianovella,nostalgia,vanilla,bot
770,santamarianovella,opoponax,woody oriental,top
771,santamarianovella,opoponax,woody oriental,mid
772,santamarianovella,opoponax,woody oriental,bot
773,santamarianovella,patchouli,floral notes,top
774,santamarianovella,patchouli,rose wood,mid
775,santamarianovella,patchouli,patchouli,bot
776,santamarianovella,patchouli,sandalwood,bot
777,santamarianovella,patchouli,oak musk,bot
778,santamarianovella,peaud'espagne,calabrian bergamot,top
779,santamarianovella,peaud'espagne,jasmine,top
780,santamarianovella,peaud'espagne,violet leaves,mid
781,santamarianovella,peaud'espagne,hawthorn,mid
782,santamarianovella,peaud'espagne,birch wood,bot
783,santamarianovella,russa,citrus,top
784,santamarianovella,russa,calabrian bergamot,top
785,santamarianovella,russa,petitgrain,mid
786,santamarianovella,russa,green aromatic notes,mid
787,santamarianovella,russa,clove,mid
788,santamarianovella,russa,sumatra benzoin,bot
789,santamarianovella,sandalo,oriental sandalwood,top
790,santamarianovella,sandalo,oriental sandalwood,mid
791,santamarianovella,sandalo,oriental sandalwood,bot
792,santamarianovella,tuberosa,floral oriental tuberose,top
793,santamarianovella,tuberosa,floral oriental tuberose,mid
794,santamarianovella,tuberosa,floral oriental tuberose,bot
795,santamarianovella,vaniglia,soft oriental vanilla,top
796,santamarianovella,vaniglia,soft oriental vanilla,mid
797,santamarianovella,vaniglia,soft oriental vanilla,bot
798,santamarianovella,vetiver,woody oriental vetiver,top
799,santamarianovella,vetiver,woody oriental vetiver,mid
800,santamarianovella,vetiver,woody oriental vetiver,bot
801,santamarianovella,zagara,citrus floral,top
802,santamarianovella,zagara,citrus floral,mid
803,santamarianovella,zagara,citrus floral,bot
804,santamarianovella,lavandaimperiale,bergamot,top
805,santamarianovella,lavandaimperiale,ylang-ylang,top
806,santamarianovella,lavandaimperiale,lavender,mid
807,santamarianovella,lavandaimperiale,sage,bot
808,santamarianovella,lavandaambrata,aromatic soft oriental,top
809,santamarianovella,lavandaambrata,aromatic soft oriental,mid
810,santamarianovella,lavandaambrata,aromatic soft oriental,bot
811,jomalone,154,grapefruit,top
812,jomalone,154,bergamot,top
813,jomalone,154,mandarin orange,top
814,jomalone,154,nutmeg,mid
815,jomalone,154,lavender,mid
816,jomalone,154,basil,mid
817,jomalone,154,vetiver,bot
818,jomalone,154,patchouli,bot
819,jomalone,154,musk,bot
820,jomalone,154,vanilla,bot
821,jomalone,grapefruit,grapefruit,top
822,jomalone,grapefruit,tangerine,top
823,jomalone,grapefruit,rosemary,mid
824,jomalone,grapefruit,mint,mid
825,jomalone,grapefruit,paprika,mid
826,jomalone,grapefruit,jasmine,mid
827,jomalone,grapefruit,vetiver,bot
828,jomalone,grapefruit,oakmoss,bot
829,jomalone,grapefruit,patchouli,bot
830,jomalone,nectarineblossom&honey,green notes,top
831,jomalone,nectarineblossom&honey,black currant,top
832,jomalone,nectarineblossom&honey,petitgrain,top
833,jomalone,nectarineblossom&honey,nectarine,mid
834,jomalone,nectarineblossom&honey,black locust,mid
835,jomalone,nectarineblossom&honey,peach,bot
836,jomalone,nectarineblossom&honey,plum,bot
837,jomalone,nectarineblossom&honey,vetiver,bot
838,jomalone,darkamber&gingerlily,ginger,top
839,jomalone,darkamber&gingerlily,black cardamom,top
840,jomalone,darkamber&gingerlily,pink pepper,top
841,jomalone,darkamber&gingerlily,water lily,mid
842,jomalone,darkamber&gingerlily,orchid,mid
843,jomalone,darkamber&gingerlily,jasmine,mid
844,jomalone,darkamber&gingerlily,rose,mid
845,jomalone,darkamber&gingerlily,sandalwood,bot
846,jomalone,darkamber&gingerlily,black amber,bot
847,jomalone,darkamber&gingerlily,kyara incense (olibanum),bot
848,jomalone,darkamber&gingerlily,patchouli,bot
849,jomalone,darkamber&gingerlily,leather,bot
850,jomalone,limebasil&mandarin,lime,top
851,jomalone,limebasil&mandarin,mandarin orange,top
852,jomalone,limebasil&mandarin,bergamot,top
853,jomalone,limebasil&mandarin,basil,mid
854,jomalone,limebasil&mandarin,thyme,mid
855,jomalone,limebasil&mandarin,iris,mid
856,jomalone,limebasil&mandarin,lilac,mid
857,jomalone,limebasil&mandarin,vetiver,bot
858,jomalone,limebasil&mandarin,patchouli,bot
859,jomalone,redroses,lemon,top
860,jomalone,redroses,mint,top
861,jomalone,redroses,bulgarian rose,mid
862,jomalone,redroses,violet leaf,mid
863,jomalone,redroses,beeswax,bot
864,jomalone,mayrrh&tonka,lavender,top
865,jomalone,mayrrh&tonka,myrrh,mid
866,jomalone,mayrrh&tonka,tonka bean,bot
867,jomalone,mayrrh&tonka,vanilla,bot
868,jomalone,mayrrh&tonka,almond,bot
869,jomalone,mimosa&cardamom,cardamom,top
870,jomalone,mimosa&cardamom,mimosa,mid
871,jomalone,mimosa&cardamom,tonka bean,bot
872,jomalone,basil&neroli,basil,top
873,jomalone,basil&neroli,neroli,mid
874,jomalone,basil&neroli,vetiver,bot
875,jomalone,basil&neroli,white musk,bot
876,jomalone,vetiver&goldenvarilla,vanilla,bot
877,jomalone,vetiver&goldenvarilla,vetiver,bot
878,jomalone,vetiver&goldenvarilla,cardamom,bot
879,jomalone,vetiver&goldenvarilla,tea,bot
880,jomalone,vetiver&goldenvarilla,grapefruit,bot
881,jomalone,velvetrose&oud,damask rose,bot
882,jomalone,velvetrose&oud,agarwood (oud),bot
883,jomalone,velvetrose&oud,praline,bot
884,jomalone,velvetrose&oud,clove,bot
885,jomalone,blackberry&bay,blackberry,bot
886,jomalone,blackberry&bay,bay leaf,bot
887,jomalone,blackberry&bay,grapefruit,bot
888,jomalone,blackberry&bay,cedar,bot
889,jomalone,blackberry&bay,vetiver,bot
890,jomalone,blackberry&bay,floral notes,bot
891,jomalone,amber&lavender,lavender,bot
892,jomalone,amber&lavender,bergamot,bot
893,jomalone,amber&lavender,mint,bot
894,jomalone,amber&lavender,clove,mid
895,jomalone,valley,cinnamon,mid
896,jomalone,valley,amber,bot
897,jomalone,valley,patchouli,bot
898,jomalone,valley,myrhh,bot
899,jomalone,earlgrey&cucumber,bergamot,top
900,jomalone,earlgrey&cucumber,water notes,top
901,jomalone,earlgrey&cucumber,jasmine,top
902,jomalone,earlgrey&cucumber,red apple,top
903,jomalone,earlgrey&cucumber,angelica,mid
904,jomalone,earlgrey&cucumber,cucumber,mid
905,jomalone,earlgrey&cucumber,beeswax,bot
906,jomalone,earlgrey&cucumber,musk,bot
907,jomalone,earlgrey&cucumber,virginia cedar,bot
908,jomalone,earlgrey&cucumber,vanille,bot
909,jomalone,oud&bergamot,agarwood (oud),bot
910,jomalone,oud&bergamot,bergamot,bot
911,jomalone,oud&bergamot,virginia cedar,bot
912,jomalone,oud&bergamot,orange,bot
913,jomalone,oud&bergamot,amalfi lemon,bot
914,jomalone,orangeblossom,tangerine blossom,top
915,jomalone,orangeblossom,orange blossom,mid
916,jomalone,orangeblossom,lilac,mid
917,jomalone,orangeblossom,water lily,mid
918,jomalone,orangeblossom,iris,bot
919,jomalone,orangeblossom,vetiver,bot
920,jomalone,wildbluebell,bellflower,top
921,jomalone,wildbluebell,clove,top
926,jomalone,woodsage&seasalt,sea salt,bot
927,jomalone,woodsage&seasalt,sage,bot
928,jomalone,woodsage&seasalt,grapefruit,bot
929,jomalone,woodsage&seasalt,ambrette (musk mallow),bot
930,jomalone,woodsage&seasalt,seaweed,bot
931,jomalone,englishoak&hazelnut,hazelnut,top
932,jomalone,englishoak&hazelnut,cedar,mid
933,jomalone,englishoak&hazelnut,oak,bot
934,jomalone,englishpear&fressia,hazelnut,top
935,jomalone,englishpear&fressia,cedar,mid
936,jomalone,englishpear&fressia,oak,bot
937,jomalone,tuberoseangelica,angelica,top
938,jomalone,tuberoseangelica,tuberose,mid
939,jomalone,tuberoseangelica,amber,bot
940,jomalone,tuberoseangelica,woodsy notes,bot
941,jomalone,pomegranatenoir,pomegranate,top
942,jomalone,pomegranatenoir,rhuburb,top
943,jomalone,pomegranatenoir,plum,top
944,jomalone,pomegranatenoir,raspberry,top
945,jomalone,pomegranatenoir,watermelon,top
946,jomalone,pomegranatenoir,clove,mid
947,jomalone,pomegranatenoir,pink pepper,mid
948,jomalone,pomegranatenoir,guaiac wood,mid
949,jomalone,pomegranatenoir,olibanum,mid
950,jomalone,pomegranatenoir,opoponax,mid
951,jomalone,pomegranatenoir,rose,mid
952,jomalone,pomegranatenoir,jasmine,mid
957,jomalone,poppy&barley,fig,top
958,jomalone,poppy&barley,black currant,top
959,jomalone,poppy&barley,violet,top
960,jomalone,poppy&barley,wheat,mid
961,jomalone,poppy&barley,powdery notes,mid
962,jomalone,poppy&barley,poppy,mid
963,jomalone,poppy&barley,barley,bot
964,jomalone,poppy&barley,white musk,bot
965,jomalone,poppy&barley,bran,bot
966,jomalone,peony&blushsuede,red apple,top
967,jomalone,peony&blushsuede,peony,mid
968,jomalone,peony&blushsuede,rose,mid
969,jomalone,peony&blushsuede,jasmine,mid
970,jomalone,peony&blushsuede,carnation,mid
971,jomalone,peony&blushsuede,suede,bot
972,jomalone,honeysuckle&davana,davana,top
973,jomalone,honeysuckle&davana,honeysuckle,mid
974,jomalone,honeysuckle&davana,rose,mid
975,jomalone,honeysuckle&davana,moss,bot
976,diptyque,l'eaudeshespérides,bitter orange,top
977,diptyque,l'eaudeshespérides,petitgrain,top
978,diptyque,l'eaudeshespérides,mandarin orange,top
979,diptyque,l'eaudeshespérides,grass,top
980,diptyque,l'eaudeshespérides,rosemary,top
981,diptyque,l'eaudeshespérides,lemon,top
982,diptyque,l'eaudeshespérides,caraway,top
983,diptyque,l'eaudeshespérides,pepper,top
984,diptyque,l'eaudeshespérides,mint,mid
985,diptyque,l'eaudeshespérides,floral notes,mid
986,diptyque,l'eaudeshespérides,immortelle,bot
987,diptyque,l'eaudeshespérides,musk,bot
988,diptyque,l'eaudeshespérides,cedar,bot
989,diptyque,l'eaudenérolieaudetoilette,citruses,top
990,diptyque,l'eaudenérolieaudetoilette,bergamot,top
991,diptyque,l'eaudenérolieaudetoilette,lemon verbena,top
992,diptyque,l'eaudenérolieaudetoilette,petitgrain,top
993,diptyque,l'eaudenérolieaudetoilette,tarragon,top
994,diptyque,l'eaudenérolieaudetoilette,neroli,mid
995,diptyque,l'eaudenérolieaudetoilette,orange blossom,mid
996,diptyque,l'eaudenérolieaudetoilette,egyptian pelargonium,mid
997,diptyque,l'eaudenérolieaudetoilette,beeswax,bot
998,diptyque,l'eaudenérolieaudetoilette,white musk,bot
999,diptyque,l'eaudenérolieaudetoilette,cedar,bot
1000,diptyque,geraniumodorataeaudetoilette,geranium,bot
1001,diptyque,geraniumodorataeaudetoilette,bergamot,bot
1002,diptyque,geraniumodorataeaudetoilette,vetiver,bot
1003,diptyque,geraniumodorataeaudetoilette,pink pepper,bot
1004,diptyque,geraniumodorataeaudetoilette,cedar,bot
1005,diptyque,geraniumodorataeaudetoilette,tonka bean,bot
1006,diptyque,vetyverioeaudetoilette,grapefruit,top
1007,diptyque,vetyverioeaudetoilette,amalfi lemon,top
1008,diptyque,vetyverioeaudetoilette,bergamot,top
1009,diptyque,vetyverioeaudetoilette,mandarin orange,top
1010,diptyque,vetyverioeaudetoilette,geranium,mid
1011,diptyque,vetyverioeaudetoilette,rose,mid
1012,diptyque,ylang,nutmeg,mid
1013,diptyque,ylang,carrot seeds,mid
1014,diptyque,ylang,clove,mid
1015,diptyque,ylang,vetyver,bot
1016,diptyque,ylang,musk,bot
1017,diptyque,ylang,virginia cedar,bot
1018,diptyque,l'eautroiseaudetoilette,rosemary,top
1019,diptyque,l'eautroiseaudetoilette,myrtle,top
1020,diptyque,l'eautroiseaudetoilette,myrhh,mid
1021,diptyque,l'eautroiseaudetoilette,spices,mid
1022,diptyque,l'eautroiseaudetoilette,caraway,mid
1023,diptyque,l'eautroiseaudetoilette,pine tree,bot
1024,diptyque,l'eautroiseaudetoilette,kyara incense (olibanum),bot
1025,diptyque,l'eautroiseaudetoilette,myrhh,bot
1026,diptyque,tamdaoeaudetoilette,italian cypress,top
1027,diptyque,tamdaoeaudetoilette,myrtle,top
1028,diptyque,tamdaoeaudetoilette,rose,top
1029,diptyque,tamdaoeaudetoilette,sandalwood,mid
1030,diptyque,tamdaoeaudetoilette,cedar,mid
1031,diptyque,tamdaoeaudetoilette,brazilian rosewood,bot
1032,diptyque,tamdaoeaudetoilette,spices,bot
1033,diptyque,tamdaoeaudetoilette,amber,bot
1034,diptyque,tamdaoeaudetoilette,white musk,bot
1035,diptyque,philosykoseaudetoilette,fig leaf,top
1036,diptyque,philosykoseaudetoilette,fig,top
1037,diptyque,philosykoseaudetoilette,green notes,mid
1038,diptyque,philosykoseaudetoilette,coconut,mid
1039,diptyque,philosykoseaudetoilette,fig tree,bot
1040,diptyque,philosykoseaudetoilette,woody notes,bot
1041,diptyque,philosykoseaudetoilette,cedar,bot
1042,diptyque,oyédoeaudetoilette,mandarin orange,top
1043,diptyque,oyédoeaudetoilette,yuzu,top
1044,diptyque,oyédoeaudetoilette,lemon,top
1045,diptyque,oyédoeaudetoilette,lime,top
1046,diptyque,oyédoeaudetoilette,thyme,mid
1047,diptyque,oyédoeaudetoilette,woodsy notes,bot
1048,diptyque,eaulenteeaudetoilette,clove,top
1049,diptyque,eaulenteeaudetoilette,cinnamon,top
1050,diptyque,eaulenteeaudetoilette,spices,mid
1051,diptyque,eaulenteeaudetoilette,opoponax,bot
1052,diptyque,ofrésiaeaudetoilette,pepper,top
1053,diptyque,ofrésiaeaudetoilette,freesia,mid
1054,diptyque,ofrésiaeaudetoilette,woodsy notes,bot
1055,diptyque,eaudelierreeaudetoilette,ivy,bot
1056,diptyque,eaudelierreeaudetoilette,cyclamen,bot
1057,diptyque,eaudelierreeaudetoilette,musk,bot
1058,diptyque,eaudelierreeaudetoilette,geranium,bot
1059,diptyque,eaudelierreeaudetoilette,woodsy notes,bot
1060,diptyque,eaudelierreeaudetoilette,brazilian rosewood,bot
1061,diptyque,eaudelierreeaudetoilette,ambergris,bot
1062,diptyque,florabellioeaudetoilette,sea notes,top
1063,diptyque,florabellioeaudetoilette,sea salt,top
1064,diptyque,florabellioeaudetoilette,fennel,top
1065,diptyque,florabellioeaudetoilette,apple blossom,mid
1066,diptyque,florabellioeaudetoilette,osmanthus,mid
1067,diptyque,florabellioeaudetoilette,roasted coffee beans,bot
1068,diptyque,florabellioeaudetoilette,sesame,bot
1069,diptyque,l'eaueaudetoilette,cinnamon,top
1070,diptyque,l'eaueaudetoilette,rose,top
1071,diptyque,l'eaueaudetoilette,geranium,mid
1072,diptyque,l'eaueaudetoilette,cloves,bot
1073,diptyque,l'eaueaudetoilette,sandalwood,bot
1074,diptyque,eauduelleeaudetoilette,bourbon vanilla,bot
1075,diptyque,eauduelleeaudetoilette,elemi resin,bot
1076,diptyque,eauduelleeaudetoilette,cardamom,bot
1077,diptyque,eauduelleeaudetoilette,juniper,bot
1078,diptyque,eauduelleeaudetoilette,olibanum,bot
1079,diptyque,eauduelleeaudetoilette,pink pepper,bot
1080,diptyque,eauduelleeaudetoilette,black tea,bot
1081,diptyque,eauduelleeaudetoilette,ambergris,bot
1082,diptyque,eauduelleeaudetoilette,bergamot,bot
1083,diptyque,eauduelleeaudetoilette,saffron,bot
1084,diptyque,eauduelleeaudetoilette,musk,bot
1085,diptyque,l'autreeaudetoilette,cardamom,top
1086,diptyque,l'autreeaudetoilette,pepper,top
1087,diptyque,l'autreeaudetoilette,carnation,top
1088,diptyque,l'autreeaudetoilette,caraway,mid
1089,diptyque,l'autreeaudetoilette,nutmeg,mid
1090,diptyque,l'autreeaudetoilette,coriander,mid
1091,diptyque,l'autreeaudetoilette,patchouli,bot
1092,diptyque,eauroseeaudetoilette,litchi,top
1093,diptyque,eauroseeaudetoilette,black currant,top
1094,diptyque,eauroseeaudetoilette,bergamot,top
1095,diptyque,eauroseeaudetoilette,rose,mid
1096,diptyque,eauroseeaudetoilette,geranium,mid
1097,diptyque,eauroseeaudetoilette,jasmine,mid
1098,diptyque,eauroseeaudetoilette,musk,bot
1099,diptyque,eauroseeaudetoilette,white honey,bot
1100,diptyque,eauroseeaudetoilette,virginia cedar,bot
1101,diptyque,ylang,floral notes,bot
1102,diptyque,ylang,ginger,bot
1103,diptyque,ylang,pink pepper,bot
1104,diptyque,ylang,vetiver,bot
1105,diptyque,ylang,benzoin,bot
1106,diptyque,ylang,incense,bot
1107,diptyque,ylang,patchouli,bot
1108,diptyque,eaudessenseaudetoilette,orange blossom,top
1109,diptyque,eaudessenseaudetoilette,bitter orange,top
1110,diptyque,eaudessenseaudetoilette,juniper berries,mid
1111,diptyque,eaudessenseaudetoilette,angelica,bot
1112,diptyque,eaudessenseaudetoilette,patchouli,bot
1113,diptyque,l'ombredansl'eaueaudetoilette,cassis,bot
1114,diptyque,l'ombredansl'eaueaudetoilette,rose,bot
1115,diptyque,l'ombredansl'eaueaudetoilette,black currant,bot
1116,diptyque,l'ombredansl'eaueaudetoilette,black currant leaf,bot
1117,diptyque,l'ombredansl'eaueaudetoilette,bergamot,bot
1118,diptyque,l'ombredansl'eaueaudetoilette,ambergris,bot
1119,diptyque,l'ombredansl'eaueaudetoilette,musk,bot
1120,diptyque,l'ombredansl'eaueaudetoilette,mandarin orange,bot
1121,diptyque,oleneeaudetoilette,narcissus,top
1122,diptyque,oleneeaudetoilette,honeysuckle,top
1123,diptyque,oleneeaudetoilette,jasmine,mid
1124,diptyque,oleneeaudetoilette,wisteria,mid
1125,diptyque,oleneeaudetoilette,white flowers,bot
1126,diptyque,oleneeaudetoilette,green notes,bot
1127,diptyque,dosoneaudetoilette,african orange flower,top
1128,diptyque,dosoneaudetoilette,iris,top
1129,diptyque,dosoneaudetoilette,rose,top
1130,diptyque,dosoneaudetoilette,tuberose,mid
1131,diptyque,dosoneaudetoilette,pink pepper,mid
1132,diptyque,dosoneaudetoilette,benzoin,bot
1133,diptyque,dosoneaudetoilette,musk,bot
1134,diptyque,fleurdepeaueaudeparfum,aldehydes,top
1135,diptyque,fleurdepeaueaudeparfum,pink pepper,top
1136,diptyque,fleurdepeaueaudeparfum,angelica,top
1137,diptyque,fleurdepeaueaudeparfum,bergamot,top
1138,diptyque,fleurdepeaueaudeparfum,iris,mid
1139,diptyque,fleurdepeaueaudeparfum,turkish rose,mid
1140,diptyque,fleurdepeaueaudeparfum,musk,bot
1141,diptyque,fleurdepeaueaudeparfum,ambrette (musk mallow),bot
1142,diptyque,fleurdepeaueaudeparfum,carrot,bot
1143,diptyque,fleurdepeaueaudeparfum,ambergris,bot
1144,diptyque,fleurdepeaueaudeparfum,leather,bot
1145,diptyque,fleurdepeaueaudeparfum,sandalwood,bot
1146,diptyque,fleurdepeaueaudeparfum,amberwood,bot
1147,diptyque,eaudeminthéeaudeparfum,mint,top
1148,diptyque,eaudeminthéeaudeparfum,nutmeg,top
1149,diptyque,eaudeminthéeaudeparfum,geranium,mid
1150,diptyque,eaudeminthéeaudeparfum,rose,mid
1151,diptyque,eaudeminthéeaudeparfum,patchouli,bot
1152,diptyque,eaucapitaleeaudeparfum,mint,top
1153,diptyque,eaucapitaleeaudeparfum,nutmeg,top
1154,diptyque,eaucapitaleeaudeparfum,geranium,mid
1155,diptyque,eaucapitaleeaudeparfum,rose,mid
1156,diptyque,eaucapitaleeaudeparfum,patchouli,bot
1157,diptyque,tamdaoeaudeparfum,sandalwood,bot
1158,diptyque,tamdaoeaudeparfum,cedar,bot
1159,diptyque,tamdaoeaudeparfum,amberwood,bot
1160,diptyque,tamdaoeaudeparfum,coriander,bot
1161,diptyque,tamdaoeaudeparfum,vanilla,bot
1162,diptyque,tamdaoeaudeparfum,musk,bot
1163,diptyque,tamdaoeaudeparfum,lime,bot
1164,diptyque,tamdaoeaudeparfum,ginger,bot
1165,diptyque,dosoneaudeparfum,tuberose,bot
1166,diptyque,dosoneaudeparfum,orange leaf,bot
1167,diptyque,dosoneaudeparfum,musk,bot
1168,diptyque,dosoneaudeparfum,pink pepper,bot
1169,diptyque,oudpalaoeaudeparfum,laotian oud,bot
1170,diptyque,oudpalaoeaudeparfum,bulgarian rose,bot
1171,diptyque,oudpalaoeaudeparfum,tobacco,bot
1172,diptyque,oudpalaoeaudeparfum,rum,bot
1173,diptyque,oudpalaoeaudeparfum,labdanum,bot
1174,diptyque,oudpalaoeaudeparfum,sandalwood,bot
1175,diptyque,oudpalaoeaudeparfum,camphor,bot
1176,diptyque,oudpalaoeaudeparfum,patchouli,bot
1177,diptyque,oudpalaoeaudeparfum,madagascar vanilla,bot
1178,diptyque,philosykoseaudeparfum,fig leaf,top
1179,diptyque,philosykoseaudeparfum,fig,top
1180,diptyque,philosykoseaudeparfum,fig tree,mid
1181,diptyque,philosykoseaudeparfum,woody notes,bot
1182,diptyque,philosykoseaudeparfum,black pepper,bot
1183,diptyque,vetyverioeaudeparfum,grapefruit,top
1184,diptyque,vetyverioeaudeparfum,mandarin orange,top
1185,diptyque,vetyverioeaudeparfum,turkish rose,mid
1186,diptyque,vetyverioeaudeparfum,haitian vetiver,bot
1187,diptyque,vetyverioeaudeparfum,vetiver,bot
1188,diptyque,vetyverioeaudeparfum,patchouli,bot
1189,diptyque,voluteseaudeparfum,tobacco,bot
1190,diptyque,voluteseaudeparfum,iris,bot
1191,diptyque,voluteseaudeparfum,honey,bot
1192,diptyque,voluteseaudeparfum,spices,bot
1193,diptyque,voluteseaudeparfum,styrax,bot
1194,diptyque,eauduelleeaudeparfum,bourbon vanilla,bot
1195,diptyque,eauduelleeaudeparfum,spices,bot
1196,diptyque,eauduelleeaudeparfum,ambroxan,bot
1197,diptyque,eauduelleeaudeparfum,rock rose,bot
1198,diptyque,tempoeaudeparfum,patchouli,bot
1199,diptyque,tempoeaudeparfum,mate,bot
1200,diptyque,tempoeaudeparfum,clary sage,bot
1201,diptyque,tempoeaudeparfum,pink pepper,bot
1202,diptyque,tempoeaudeparfum,violet leaf,bot
1203,diptyque,tempoeaudeparfum,bergamot,bot
1204,creed,creedcitrusbigarade,lemon,top
1205,creed,creedcitrusbigarade,petitgrain,top
1206,creed,creedcitrusbigarade,white pepper,mid
1207,creed,creedcitrusbigarade,lemon,mid
1208,creed,creedcitrusbigarade,mandarin,mid
1209,creed,creedcitrusbigarade,petitgrain,mid
1210,creed,creedcitrusbigarade,haitian vetiver,bot
1211,creed,creedcitrusbigarade,ginger,bot
1212,creed,creedcitrusbigarade,peppermint,bot
1213,creed,creedgreenneroli,red mandarin,top
1214,creed,creedgreenneroli,peppermint,top
1215,creed,creedgreenneroli,petitgrain,top
1216,creed,creedgreenneroli,brazilian pintango orange,mid
1217,creed,creedgreenneroli,sweet orange,mid
1218,creed,creedgreenneroli,tarragon,mid
1219,creed,creedgreenneroli,neroli,mid
1220,creed,creedgreenneroli,carraway,bot
1221,creed,creedgreenneroli,rosemary,bot
1222,creed,creedgreenneroli,lemon,bot
1223,creed,creedgreenneroli,mint,bot
1224,creed,creedzestemandarine,lemon,top
1225,creed,creedzestemandarine,orange,top
1226,creed,creedzestemandarine,petitgrain,top
1227,creed,creedzestemandarine,lemon,mid
1228,creed,creedzestemandarine,mandarin,mid
1229,creed,creedzestemandarine,tunisian orange blossom,bot
1230,creed,creedzestemandarine,patchouli flowers,bot
1231,creed,creedzestemandarine,petitgrain,bot
1232,creed,creediristub횋reuse,galbanum,top
1233,creed,creediristub횋reuse,green violet leaf,top
1234,creed,creediristub횋reuse,orange,top
1235,creed,creediristub횋reuse,indian tuberose,mid
1236,creed,creediristub횋reuse,ylang ylang,mid
1237,creed,creediristub횋reuse,lily of the valley,mid
1238,creed,creediristub횋reuse,sicilian orange blossom,bot
1239,creed,creediristub횋reuse,musk,bot
1240,creed,creediristub횋reuse,mexican vanilla orchid,bot
1241,creed,creedvetivergeranium,granny smith apple,top
1242,creed,creedvetivergeranium,bergamot,top
1243,creed,creedvetivergeranium,lemon,top
1244,creed,creedvetivergeranium,geranium,mid
1245,creed,creedvetivergeranium,cinnamon,mid
1246,creed,creedvetivergeranium,rose,mid
1247,creed,creedvetivergeranium,vetiver,bot
1248,creed,creedvetivergeranium,patchouli,bot
1249,creed,creedvetivergeranium,cedar,bot
1250,creed,creedvetivergeranium,musk,bot
1251,creed,creedvetivergeranium,amber,bot
1252,creed,creedaventus,bergamot,top
1253,creed,creedaventus,blackcurrant leaves,top
1254,creed,creedaventus,apple,top
1255,creed,creedaventus,pineapple,top
1256,creed,creedaventus,pink berries,mid
1257,creed,creedaventus,birch,mid
1258,creed,creedaventus,patchouli,mid
1259,creed,creedaventus,jasmine,mid
1260,creed,creedaventus,musk,bot
1261,creed,creedaventus,oakmoss,bot
1262,creed,creedaventus,ambergris,bot
1263,creed,creedaventus,vanilla,bot
1264,creed,creedaventuscologne,ginger,top
1265,creed,creedaventuscologne,mandarin,top
1266,creed,creedaventuscologne,baie rose,top
1267,creed,creedaventuscologne,patchouli,mid
1268,creed,creedaventuscologne,indian sandalwood,mid
1269,creed,creedaventuscologne,vetiver,mid
1270,creed,creedaventuscologne,styrax,bot
1271,creed,creedaventuscologne,birch,bot
1272,creed,creedaventuscologne,musk,bot
1273,creed,creedaventuscologne,tonka bean,bot
1274,creed,creedgreenirishtweed,lemon,top
1275,creed,creedgreenirishtweed,verbena from india,top
1276,creed,creedgreenirishtweed,peppermint,top
1277,creed,creedgreenirishtweed,violet leaves,mid
1278,creed,creedgreenirishtweed,florentine iris,bot
1279,creed,creedgreenirishtweed,sandalwood,bot
1280,creed,creedgreenirishtweed,ambergris,bot
1281,creed,creedsilvermountainwater,bergamot,top
1282,creed,creedsilvermountainwater,mandarin,top
1283,creed,creedsilvermountainwater,neroli,top
1284,creed,creedsilvermountainwater,green tea,mid
1285,creed,creedsilvermountainwater,blackcurrant bud,mid
1286,creed,creedsilvermountainwater,sandalwood,bot
1287,creed,creedsilvermountainwater,musk,bot
1288,creed,creedmill횋simeimp횋rial,bergamot,top
1289,creed,creedmill횋simeimp횋rial,green mandarin,top
1290,creed,creedmill횋simeimp횋rial,lemon,top
1291,creed,creedmill횋simeimp횋rial,iris,mid
1292,creed,creedmill횋simeimp횋rial,sandalwood,bot
1293,creed,creedmill횋simeimp횋rial,amber,bot
1294,creed,creedmill횋simeimp횋rial,musk,bot
1295,creed,creedaventusforher,egyptian green apple,top
1296,creed,creedaventusforher,pink berries,top
1297,creed,creedaventusforher,indonesian patchouli,top
1298,creed,creedaventusforher,italian bergamot,top
1299,creed,creedaventusforher,bulgarian and turkish roses,mid
1300,creed,creedaventusforher,indian sandalwood,mid
1301,creed,creedaventusforher,styrax,mid
1302,creed,creedaventusforher,musk,mid
1303,creed,creedaventusforher,sweet peach,bot
1304,creed,creedaventusforher,cassis,bot
1305,creed,creedaventusforher,lilac,bot
1306,creed,creedaventusforher,amber,bot
1307,creed,creedaventusforher,ylang ylang,bot
1308,creed,creedviking,calabrian bergamot,top
1309,creed,creedviking,sicilian lemon,top
1310,creed,creedviking,pink peppercorn,top
1311,creed,creedviking,peppercorn,mid
1312,creed,creedviking,bulgarian rose,mid
1313,creed,creedviking,peppermint,mid
1314,creed,creedviking,indian sandalwood,bot
1315,creed,creedviking,haitian vetiver,bot
1316,creed,creedviking,indian patchouli,bot
1317,creed,creedviking,lavandin absolute,bot
1318,creed,creedroyaloud,lemon,top
1319,creed,creedroyaloud,pink berries,top
1320,creed,creedroyaloud,bergamot,top
1321,creed,creedroyaloud,cedar,mid
1322,creed,creedroyaloud,galbanum,mid
1323,creed,creedroyaloud,angelica roots,mid
1324,creed,creedroyaloud,sandalwood,bot
1325,creed,creedroyaloud,oud,bot
1326,creed,creedroyaloud,tonkin musk,bot
1327,creed,creedvirginislandwater,sicilian white bergamot,top
1328,creed,creedvirginislandwater,jamaican lime,top
1329,creed,creedvirginislandwater,sicilian mandarin,top
1330,creed,creedvirginislandwater,hibiscus,mid
1331,creed,creedvirginislandwater,ylang ylang,mid
1332,creed,creedvirginislandwater,indian jasmine,mid
1333,creed,creedvirginislandwater,tonkin musk,bot
1334,creed,creedvirginislandwater,tropical wood,bot
1335,creed,creedoriginalv횋tiver,bergamot,top
1336,creed,creedoriginalv횋tiver,bitter orange,top
1337,creed,creedoriginalv횋tiver,mandarin,top
1338,creed,creedoriginalv횋tiver,vetiver leaves,top
1339,creed,creedoriginalv횋tiver,white pepper,mid
1340,creed,creedoriginalv횋tiver,coriander,mid
1341,creed,creedoriginalv횋tiver,pink berries,mid
1342,creed,creedoriginalv횋tiver,mysore sandalwood,bot
1343,creed,creedoriginalv횋tiver,vetiver,bot
1344,creed,creedoriginalv횋tiver,ambergris,bot
1345,creed,creedoriginalv횋tiver,tonkin musk,bot
1346,creed,creedoriginalsantal,orange tree absolute,top
1347,creed,creedoriginalsantal,jamaican ginger,top
1348,creed,creedoriginalsantal,sicilian lemon,top
1349,creed,creedoriginalsantal,lavender,mid
1350,creed,creedoriginalsantal,peppermint,mid
1351,creed,creedoriginalsantal,rosemary,mid
1352,creed,creedoriginalsantal,pink berries,mid
1353,creed,creedoriginalsantal,mysore sandalwood,bot
1354,creed,creedoriginalsantal,virginia cedar,bot
1355,creed,creedoriginalsantal,vanilla,bot
1356,creed,creedoriginalsantal,siam benzoin,bot
1357,creed,creedoriginalsantal,ambergris,bot
1358,creed,creedoriginalsantal,tonkin musk,bot
1359,creed,creedhimalaya,bergamot,top
1360,creed,creedhimalaya,grapefruit,top
1361,creed,creedhimalaya,lemon,top
1362,creed,creedhimalaya,mandarin,top
1363,creed,creedhimalaya,pinkberries,mid
1364,creed,creedhimalaya,nutmeg,mid
1365,creed,creedhimalaya,cedarwood,mid
1366,creed,creedhimalaya,sandalwood,mid
1367,creed,creedhimalaya,vetiver,mid
1368,creed,creedhimalaya,pepper,mid
1369,creed,creedhimalaya,ambergris,bot
1370,creed,creedhimalaya,musk,bot
1371,creed,creedhimalaya,tonka bean,bot
1372,creed,creedroyalmayfair,british gin,top
1373,creed,creedroyalmayfair,jamaican lime,top
1374,creed,creedroyalmayfair,scottish highland pine,top
1375,creed,creedroyalmayfair,duke of windsor roses,mid
1376,creed,creedroyalmayfair,bahamian orange,bot
1377,creed,creedroyalmayfair,canadian cedar,bot
1378,creed,creedroyalmayfair,australian eucalyptus,bot
1379,creed,creedboisduportugal,bergamot,top
1380,creed,creedboisduportugal,lavender,top
1381,creed,creedboisduportugal,cedarwood,mid
1382,creed,creedboisduportugal,sandalwood,bot
1383,creed,creedboisduportugal,vetiver,bot
1384,creed,creedboisduportugal,ambergris,bot
1385,creed,creedtabaromemill횋sime,bergamot,top
1386,creed,creedtabaromemill횋sime,lemon,top
1387,creed,creedtabaromemill횋sime,mandarin,top
1388,creed,creedtabaromemill횋sime,ginger,top
1389,creed,creedtabaromemill횋sime,jasmine,mid
1390,creed,creedtabaromemill횋sime,sandalwood,mid
1391,creed,creedtabaromemill횋sime,vetiver,mid
1392,creed,creedtabaromemill횋sime,musk,bot
1393,creed,creedtabaromemill횋sime,tobacco,bot
1394,creed,creedtabaromemill횋sime,tea,bot
1395,creed,creederolfa,bergamot,top
1396,creed,creederolfa,lemon,top
1397,creed,creederolfa,orange,top
1398,creed,creederolfa,violet,top
1399,creed,creederolfa,cumin,top
1400,creed,creederolfa,basil,top
1401,creed,creederolfa,rosemary,top
1402,creed,creederolfa,melon,top
1403,creed,creederolfa,cyclamen,mid
1404,creed,creederolfa,jasmine,mid
1405,creed,creederolfa,ginger,mid
1406,creed,creederolfa,coriander,mid
1407,creed,creederolfa,pepper,mid
1408,creed,creederolfa,cedarwood,bot
1409,creed,creederolfa,sandalwood,bot
1410,creed,creederolfa,moss,bot
1411,creed,creederolfa,amber,bot
1412,creed,creederolfa,musk,bot
1413,creed,creedroyalwater,bergamot,top
1414,creed,creedroyalwater,lemon,top
1415,creed,creedroyalwater,mandarin,top
1416,creed,creedroyalwater,verbena,top
1417,creed,creedroyalwater,clementine,top
1418,creed,creedroyalwater,cumin,mid
1419,creed,creedroyalwater,basil,mid
1420,creed,creedroyalwater,pepper,mid
1421,creed,creedroyalwater,pinkberries,mid
1422,creed,creedroyalwater,ambergris,bot
1423,creed,creedroyalwater,tonkin musk,bot
1424,creed,creedn횋rolisauvage,bergamot,top
1425,creed,creedn횋rolisauvage,bitter orange,top
1426,creed,creedn횋rolisauvage,grapefruit,top
1427,creed,creedn횋rolisauvage,lemon,top
1428,creed,creedn횋rolisauvage,neroli,top
1429,creed,creedn횋rolisauvage,verbena,top
1430,creed,creedn횋rolisauvage,orange blossom,mid
1431,creed,creedn횋rolisauvage,ambergris,bot
1432,creed,creedloveinwhite,orange zest from italy,top
1433,creed,creedloveinwhite,florentine iris,mid
1434,creed,creedloveinwhite,french daffodils,mid
1435,creed,creedloveinwhite,magnolia,mid
1436,creed,creedloveinwhite,bulgarian rose,mid
1437,creed,creedloveinwhite,tonkin rice,mid
1438,creed,creedloveinwhite,vanilla,bot
1439,creed,creedloveinwhite,ambergris,bot
1440,creed,creedloveinwhite,mysore sandalwood,bot
1441,creed,creedroyalprincessoud,sicilian bergamot,top
1442,creed,creedroyalprincessoud,rose,top
1443,creed,creedroyalprincessoud,sweet violet,top
1444,creed,creedroyalprincessoud,jasmine,mid
1445,creed,creedroyalprincessoud,vanilla,mid
1446,creed,creedroyalprincessoud,patchouli,mid
1447,creed,creedroyalprincessoud,iris from tuscany,mid
1448,creed,creedroyalprincessoud,benjoin siam,bot
1449,creed,creedroyalprincessoud,mysore sandalwood,bot
1450,creed,creedroyalprincessoud,styrax,bot
1451,creed,creedspringflower,bergamot,top
1452,creed,creedspringflower,apple,top
1453,creed,creedspringflower,apricot,top
1454,creed,creedspringflower,melon,top
1455,creed,creedspringflower,peach,top
1456,creed,creedspringflower,jasmine,mid
1457,creed,creedspringflower,rose,mid
1458,creed,creedspringflower,musk,bot
1459,creed,creedacquafiorentina,greengage,top
1460,creed,creedacquafiorentina,plum,top
1461,creed,creedacquafiorentina,and apple,top
1462,creed,creedacquafiorentina,rose,mid
1463,creed,creedacquafiorentina,white carnations,mid
1464,creed,creedacquafiorentina,bergamot,mid
1465,creed,creedacquafiorentina,lemon,mid
1466,creed,creedacquafiorentina,virginia cedarwood,bot
1467,creed,creedacquafiorentina,sandalwood,bot
1468,creed,creedacquafiorentina,white grapefruit,bot
1469,creed,creedfloralie,bulgarian rose,top
1470,creed,creedfloralie,tuberose,top
1471,creed,creedfloralie,lilac,top
1472,creed,creedfloralie,marigold,top
1473,creed,creedfloralie,amber,mid
1474,creed,creedfloralie,lily of the valley,mid
1475,creed,creedfloralie,cedarwood,mid
1476,creed,creedfloralie,cedarwood,bot
1477,creed,creedfloralie,amber,bot
1478,creed,creedfloralie,musk,bot
1479,creed,creedfloralie,rose,bot
1480,creed,creedloveinwhiteforsummer,bulgarian roses,top
1481,creed,creedloveinwhiteforsummer,calabrian bergamot,top
1482,creed,creedloveinwhiteforsummer,sweet magnolia,top
1483,creed,creedloveinwhiteforsummer,florentine iris,mid
1484,creed,creedloveinwhiteforsummer,basmati rice,mid
1485,creed,creedloveinwhiteforsummer,virginia cedarwood,mid
1486,creed,creedloveinwhiteforsummer,ambergris,bot
1487,creed,creedloveinwhiteforsummer,sandalwood,bot
1488,creed,creedloveinwhiteforsummer,apple,bot
1489,creed,creedloveinwhiteforsummer,jasmine,bot
1490,creed,creedfleurissimo,bergamot,top
1491,creed,creedfleurissimo,violet leaves,top
1492,creed,creedfleurissimo,bulgarian rose,mid
1493,creed,creedfleurissimo,tuberose,mid
1494,creed,creedfleurissimo,ylang ylang,mid
1495,creed,creedfleurissimo,florentine iris,bot
1496,creed,creedfleurissimo,ambergris,bot
1497,creed,creedloveinblack,violet,top
1498,creed,creedloveinblack,virginian cedar,top
1499,creed,creedloveinblack,florentine iris,mid
1500,creed,creedloveinblack,clove,mid
1501,creed,creedloveinblack,tonkin musk,mid
1502,creed,creedloveinblack,violet from greece,bot
1503,creed,creedloveinblack,burgundy blackcurrant,bot
1504,creed,creedloveinblack,rose,bot
1505,creed,creedfleursdegardenia,pinkberries,top
1506,creed,creedfleursdegardenia,blackcurrant,top
1507,creed,creedfleursdegardenia,galbanum,top
1508,creed,creedfleursdegardenia,rose,mid
1509,creed,creedfleursdegardenia,lily of the valley,mid
1510,creed,creedfleursdegardenia,jasmine,mid
1511,creed,creedfleursdegardenia,peony,mid
1512,creed,creedfleursdegardenia,gardenia,mid
1513,creed,creedfleursdegardenia,cedar,bot
1514,creed,creedfleursdegardenia,musk,bot
1515,creed,creedfleursdegardenia,patchouli,bot
1516,creed,creedjasminimp횋ratriceeug횋nie,bergamot,top
1517,creed,creedjasminimp횋ratriceeug횋nie,tangerine,mid
1518,creed,creedjasminimp횋ratriceeug횋nie,green orange,mid
1519,creed,creedjasminimp횋ratriceeug횋nie,sandalwood,bot
1520,creed,creedjasminimp횋ratriceeug횋nie,ambergris,bot
1521,creed,creedjasminimp횋ratriceeug횋nie,vanilla,bot
1522,creed,creedjasminimp횋ratriceeug횋nie,neroli,bot
1523,creed,creedtub횋reuseindiana,bergamot,top
1524,creed,creedtub횋reuseindiana,tuberose from italy,mid
1525,creed,creedtub횋reuseindiana,vanilla,bot
1526,creed,creedtub횋reuseindiana,ambergris,bot
1527,creed,creedfantasiadefleurs,bergamot,top
1528,creed,creedfantasiadefleurs,bulgarian rose,mid
1529,creed,creedfantasiadefleurs,iris,bot
1530,creed,creedfantasiadefleurs,ambergris,bot
1531,creed,creedangeliqueencens,russian coriander,top
1532,creed,creedangeliqueencens,violet,top
1533,creed,creedangeliqueencens,bulgarian rose,top
1534,creed,creedangeliqueencens,patchouli,mid
1535,creed,creedangeliqueencens,indian sandalwood,mid
1536,creed,creedangeliqueencens,cinnamon bark,mid
1537,creed,creedangeliqueencens,white pepper,mid
1538,creed,creedangeliqueencens,musk,bot
1539,creed,creedangeliqueencens,vetiver,bot
1540,creed,creedangeliqueencens,incense,bot
1541,creed,creedspice&wood,apple,top
1542,creed,creedspice&wood,bergamot,top
1543,creed,creedspice&wood,lemon,top
1544,creed,creedspice&wood,angelic roots,mid
1545,creed,creedspice&wood,pink berries,mid
1546,creed,creedspice&wood,vetiver,mid
1547,creed,creedspice&wood,patchouli,mid
1548,creed,creedspice&wood,cloves,mid
1549,creed,creedspice&wood,pimento (jamaican pepper),mid
1550,creed,creedspice&wood,birch,mid
1551,creed,creedspice&wood,iris,bot
1552,creed,creedspice&wood,cedarwood,bot
1553,creed,creedspice&wood,oakmoss,bot
1554,creed,creedspice&wood,tonkin musk,bot
1555,creed,creedpurewhitecologne,lemon,top
1556,creed,creedpurewhitecologne,bergamot,top
1557,creed,creedpurewhitecologne,grapefruit,top
1558,creed,creedpurewhitecologne,galbanum,mid
1559,creed,creedpurewhitecologne,pear,mid
1560,creed,creedpurewhitecologne,petitgrain,mid
1561,creed,creedpurewhitecologne,ambergris,bot
1562,creed,creedpurewhitecologne,white musk,bot
1563,creed,creedpurewhitecologne,rice,bot
1564,creed,creedjardind'amalfi,mandarin,top
1565,creed,creedjardind'amalfi,bergamot,top
1566,creed,creedjardind'amalfi,pink pepper,top
1567,creed,creedjardind'amalfi,petitgrain,top
1568,creed,creedjardind'amalfi,cedar,mid
1569,creed,creedjardind'amalfi,apple,mid
1570,creed,creedjardind'amalfi,rose,mid
1571,creed,creedjardind'amalfi,vetiver from haiti,bot
1572,creed,creedjardind'amalfi,white musk,bot
1573,creed,creedjardind'amalfi,cinnamon,bot
1574,creed,creedsublimevanille,vanilla from comoros (africa),top
1575,creed,creedsublimevanille,tonka bean,top
1576,creed,creedsublimevanille,white bergamot,mid
1577,creed,creedsublimevanille,lemon,mid
1578,creed,creedsublimevanille,tonkin musk,bot
1579,creed,creedwhiteflowers,violet leaves,top
1580,creed,creedwhiteflowers,green apple,top
1581,creed,creedwhiteflowers,lemon,top
1582,creed,creedwhiteflowers,jasmine,mid
1583,creed,creedwhiteflowers,geranium,mid
1584,creed,creedwhiteflowers,rose,mid
1585,creed,creedwhiteflowers,musk,bot
1586,creed,creedwhiteflowers,sandalwood,bot
1587,creed,creedwhiteflowers,narcissus,bot
1588,creed,creedwhiteamber,amber,top
1589,creed,creedwhiteamber,vanilla,top
1590,creed,creedwhiteamber,fruity accord,top
1591,creed,creedwhiteamber,floral accord,mid
1592,creed,creedwhiteamber,sandalwood,mid
1593,creed,creedwhiteamber,benzoin,mid
1594,creed,creedwhiteamber,floral accord,bot
1595,creed,creedwhiteamber,absolute jasmine,bot
1596,creed,creedwhiteamber,sandalwood,bot
1597,creed,creedwhiteamber,benzoin,bot
